-- phpMyAdmin SQL Dump
-- version 4.5.1
-- http://www.phpmyadmin.net
--
-- Host: 127.0.0.1
-- Generation Time: 13 Jan 2018 pada 13.20
-- Versi Server: 10.1.10-MariaDB
-- PHP Version: 7.0.3

SET SQL_MODE = "NO_AUTO_VALUE_ON_ZERO";
SET time_zone = "+00:00";


/*!40101 SET @OLD_CHARACTER_SET_CLIENT=@@CHARACTER_SET_CLIENT */;
/*!40101 SET @OLD_CHARACTER_SET_RESULTS=@@CHARACTER_SET_RESULTS */;
/*!40101 SET @OLD_COLLATION_CONNECTION=@@COLLATION_CONNECTION */;
/*!40101 SET NAMES utf8mb4 */;

--
-- Database: `dennis`
--

-- --------------------------------------------------------

--
-- Struktur dari tabel `abortus`
--

CREATE TABLE `abortus` (
  `id_abortus` int(5) NOT NULL,
  `id_kehamilan` int(5) NOT NULL,
  `tanggal_abortus` date NOT NULL,
  `penyebab` varchar(50) COLLATE utf8_unicode_ci NOT NULL,
  `kondisi_ibu` varchar(50) COLLATE utf8_unicode_ci NOT NULL,
  `waktu_daftar` datetime NOT NULL DEFAULT CURRENT_TIMESTAMP,
  `daftar_by` int(2) NOT NULL
) ENGINE=MyISAM DEFAULT CHARSET=utf8 COLLATE=utf8_unicode_ci;

--
-- Dumping data untuk tabel `abortus`
--

INSERT INTO `abortus` (`id_abortus`, `id_kehamilan`, `tanggal_abortus`, `penyebab`, `kondisi_ibu`, `waktu_daftar`, `daftar_by`) VALUES
(1, 2, '2017-03-15', 'etw4e', '4rgtw4t', '2017-03-27 18:38:08', 6);

-- --------------------------------------------------------

--
-- Struktur dari tabel `desa`
--

CREATE TABLE `desa` (
  `id_desa` tinyint(2) NOT NULL,
  `nama_desa` varchar(14) NOT NULL
) ENGINE=InnoDB DEFAULT CHARSET=latin1;

--
-- Dumping data untuk tabel `desa`
--

INSERT INTO `desa` (`id_desa`, `nama_desa`) VALUES
(1, 'Tlogoboyo'),
(2, 'Kembangan'),
(3, 'Tridonorejo'),
(4, 'Moro Demak'),
(5, 'Purworejo'),
(6, 'Margolinduk'),
(7, 'Gebang Arum'),
(8, 'Sumberejo'),
(9, 'Karang Rejo'),
(10, 'Gebang'),
(11, 'Sukodono'),
(12, 'Desa Tes'),
(99, 'Non Job');

-- --------------------------------------------------------

--
-- Struktur dari tabel `ibu`
--

CREATE TABLE `ibu` (
  `nik` varchar(16) NOT NULL,
  `nama_ibu` varchar(25) NOT NULL,
  `tanggal_lahir` date NOT NULL,
  `id_desa` tinyint(2) NOT NULL,
  `alamat` text NOT NULL,
  `nomor_darurat` varchar(13) DEFAULT NULL,
  `waktu_daftar` datetime NOT NULL DEFAULT CURRENT_TIMESTAMP,
  `waktu_ubah` datetime DEFAULT NULL,
  `daftar_by` int(2) NOT NULL,
  `ubah_by` int(2) NOT NULL,
  `status_isi` tinyint(1) NOT NULL DEFAULT '0',
  `flag_delete` tinyint(1) NOT NULL DEFAULT '0'
) ENGINE=InnoDB DEFAULT CHARSET=latin1;

--
-- Dumping data untuk tabel `ibu`
--

INSERT INTO `ibu` (`nik`, `nama_ibu`, `tanggal_lahir`, `id_desa`, `alamat`, `nomor_darurat`, `waktu_daftar`, `waktu_ubah`, `daftar_by`, `ubah_by`, `status_isi`, `flag_delete`) VALUES
('1000000000000001', 'Siti aminah', '1988-06-30', 10, 'Rumah Bapak Busari', '0812345678910', '2017-12-19 22:24:16', '2018-01-04 12:58:00', 15, 15, 1, 0),
('1000000000000002', 'Ulkiyah', '1979-07-03', 10, 'Rumah Bapak Ashar', '081234567892', '2017-12-19 22:24:16', '2018-01-04 01:06:16', 15, 15, 1, 0),
('1000000000000003', 'Anzak Uliyah', '1970-07-10', 10, 'Rumah Bapak Nurukhim', '081234567893', '2017-12-19 22:32:05', '2018-01-04 05:23:19', 15, 15, 1, 0),
('1000000000000004', 'Nur Farida', '1981-07-11', 10, 'Rumah Bapak Ahmad Hasan', '081234567894', '2017-12-19 22:32:05', '2018-01-04 05:27:19', 15, 15, 1, 0),
('1000000000000005', 'Kaspiyatun', '1972-07-12', 10, 'Rumah Bapak AbdulMunib', '081234567895', '2017-12-19 22:38:31', '2018-01-04 05:32:13', 15, 15, 1, 0),
('1000000000000006', 'Siti Umayah', '1983-07-13', 10, 'Rumah Bapak M.Zaenul A', '081234567896', '2017-12-19 22:38:31', '2018-01-04 05:36:11', 15, 15, 1, 0),
('1000000000000007', 'Maskhatul', '1975-07-15', 10, 'Rumah Bapak Luthfi Najib', '081234567897', '2017-12-19 22:38:31', '2018-01-04 05:39:58', 15, 15, 1, 0),
('1000000000000008', 'Suyiroh', '1980-07-20', 10, 'Rumah Bapak Sardi', '081234567898', '2017-12-19 22:38:31', '2018-01-04 05:45:19', 15, 15, 1, 0),
('1000000000000009', 'Muanidah', '1975-07-25', 10, 'Rumah Bapak Ali Awan', '081234567899', '2017-12-19 22:38:31', '2018-01-04 05:51:08', 15, 15, 1, 0),
('1000000000000010', 'Nurhayati', '1973-07-03', 10, 'Rumah Bapak Turiman Slamet', '081234567810', '2017-12-19 22:38:31', '2018-01-04 05:54:37', 15, 15, 1, 0),
('1000000000000011', 'Rifaal Saadah', '1982-08-05', 10, 'Rumah Bapak Slamet', '081234567811', '2017-12-19 22:47:00', '2018-01-04 06:01:50', 15, 15, 1, 0),
('1000000000000012', 'Nur Hidayah', '1982-08-12', 10, 'Rumah Bapak Hanafi', '081234567812', '2017-12-19 22:47:00', '2018-01-04 06:05:53', 15, 15, 1, 0),
('1000000000000013', 'Nur Haita', '1978-08-15', 10, 'Rumah Bapak M.Salikudin', '081234567813', '2017-12-19 22:47:00', '2018-01-04 06:09:11', 15, 15, 1, 0),
('1000000000000014', 'Laelatus Sholekah', '1987-07-08', 10, 'Rumah Bapak Khoirur Rozi', '081234567814', '2017-12-19 22:47:00', '2018-01-04 06:13:39', 15, 15, 1, 0),
('1000000000000015', 'Inayatus S', '1979-07-19', 10, 'Rumah Bapak Sofiyullah', '081234567815', '2017-12-19 22:47:00', '2018-01-04 06:17:10', 15, 15, 1, 0),
('1000000000000016', 'Indarah Zulfa', '1978-07-21', 10, 'Rumah Bapak Azhadi', '081234567816', '2017-12-19 22:47:00', '2018-01-04 06:19:52', 15, 15, 1, 0),
('1000000000000017', 'Mardiyah', '1983-08-23', 10, 'Rumah Bapak Suudi', '081234567817', '2017-12-19 22:56:06', '2018-01-04 06:30:07', 15, 15, 1, 0),
('1000000000000018', 'Istiqomah', '1982-08-25', 10, 'Rumah Bapak Saleh Taufik', '081234567818', '2017-12-19 22:56:06', '2018-01-04 06:33:50', 15, 15, 1, 0),
('1000000000000019', 'Uten Madifah', '1972-08-02', 10, 'Rumah Bapak Sofi Ahmad', '081234567819', '2017-12-19 22:56:06', '2018-01-04 06:36:07', 15, 15, 1, 0),
('1000000000000020', 'Siti Aminah', '1987-09-05', 10, 'Rumah Bapak Zudi A', '081234567820', '2017-12-19 22:56:06', '2018-01-04 06:39:02', 15, 15, 1, 0),
('1000000000000021', 'Mkinah W', '1981-07-11', 10, 'Rumah Bapak Ghozali', '081234567821', '2017-12-19 22:56:06', '2018-01-04 06:41:46', 15, 15, 1, 0),
('1000000000000022', 'Ninuk W', '1972-07-12', 10, 'Rumah Bapak Arifin M', '081234567822', '2017-12-19 22:56:06', '2018-01-04 06:43:42', 15, 15, 1, 0),
('1000000000000023', 'Nur Hidayah', '1985-09-15', 10, 'Rumah Bapak Ali Sodaqoh', '081234567823', '2017-12-19 23:06:10', '2018-01-04 06:47:37', 15, 15, 1, 0),
('1000000000000024', 'Lullun Ma mun', '1989-09-21', 10, 'Rumah Bapak Ali Imron', '081234567824', '2017-12-19 23:06:10', '2018-01-04 06:49:30', 15, 15, 1, 0),
('1000000000000025', 'Septiyana Dari A', '1975-09-25', 10, 'Rumah Bapak Anggoro S', '081234567825', '2017-12-19 23:06:10', '2018-01-04 06:51:25', 15, 15, 1, 0),
('1000000000000026', 'Dyah Puji Utami', '1987-09-27', 10, 'Rumah Bapak Supriyanto', '081234567826', '2017-12-19 23:06:10', '2018-01-04 06:53:20', 15, 15, 1, 0),
('1000000000000027', 'Kurotul Aeniyah', '1982-09-29', 10, 'Rumah Bapak M Akrom', '081234567827', '2017-12-19 23:06:10', '2018-01-04 06:55:51', 15, 15, 1, 0),
('1000000000000028', 'Supiyati', '1970-10-01', 10, 'Rumah Bapak Nurhidayat', '081234567828', '2017-12-19 23:06:10', '2018-01-04 06:58:58', 15, 15, 1, 0),
('1000000000000029', 'Ina Solekah', '1990-10-03', 10, 'Rumah Bapak Mahfudi', '081234567829', '2017-12-19 23:06:10', '2018-01-04 07:00:54', 15, 15, 1, 0),
('1000000000000030', 'Eni Dwi Vanturi', '1970-10-01', 10, 'Rumah Bapak Sodiq W', '081234567830', '2017-12-19 23:06:10', '2018-01-04 07:02:48', 15, 15, 1, 0),
('1000000000000031', 'Nurul Fitriyanti', '1993-10-13', 10, 'Rumah Bapak Amanullah', '081234567831', '2017-12-19 23:06:10', '2018-01-04 07:04:29', 15, 15, 1, 0),
('1000000000000032', 'Rahmatu Non', '1975-10-15', 10, 'Rumah Bapak Kasturi', '081234567832', '2017-12-19 23:06:10', '2018-01-04 07:06:12', 15, 15, 1, 0),
('1010000000000001', 'Masidah', '1989-06-01', 1, 'Rumah Bapak Rochmadi', '081311212310', '2017-12-23 16:11:07', NULL, 5, 0, 0, 0),
('1010000000000002', 'Nasikhotul', '1984-05-07', 1, 'Rumah Bapak Jafar', '081512912390', '2017-12-23 16:11:07', NULL, 5, 0, 0, 0),
('1010000000000003', 'Sarinah', '1981-06-17', 1, 'Rumah Bapak Marismiyono', '082182312307', '2017-12-23 16:11:07', NULL, 5, 0, 0, 0),
('1010000000000004', 'Ruwaidah', '1979-08-13', 1, 'Rumah Bapak Agus', '0813121346117', '2017-12-23 16:11:07', NULL, 5, 0, 0, 0),
('1010000000000005', 'Siti Fatisah', '1977-05-21', 1, 'Rumah Bapak Khusnul Mubarok', '081365312505', '2017-12-23 16:11:07', NULL, 5, 0, 0, 0),
('1010000000000006', 'Uswatun', '1977-08-11', 1, 'Rumah Bapak Heri Susanto', '081957834512', '2017-12-23 16:11:07', NULL, 5, 0, 0, 0),
('1010000000000007', 'Firhatul Muna', '1990-08-09', 1, 'Rumah Bapak Efendi', '081394775521', '2017-12-23 16:11:07', NULL, 5, 0, 0, 0),
('1010000000000008', 'Dewi Marsitoh', '1976-11-11', 1, 'Rumah Bapak Muhaimin', '085728456402', '2017-12-23 16:11:07', NULL, 5, 0, 0, 0),
('1010000000000009', 'Muawanah', '1991-01-05', 1, 'Rumah Bapak Mustofa', '081567156371', '2017-12-23 16:11:07', NULL, 5, 0, 0, 0),
('1010000000000010', 'Nur Mucholilah', '1985-10-01', 1, 'Rumah Bapak Purwono', '081978786002', '2017-12-23 16:11:07', NULL, 5, 0, 0, 0),
('1010000000000011', 'Jamiatun', '1979-05-14', 1, 'Rumah Bapak Notar', '087899654432', '2017-12-23 16:11:07', NULL, 5, 0, 0, 0),
('1010000000000012', 'Nur Awaliyah', '1977-08-10', 1, 'Rumah Bapak Nurcholis', '08114445768', '2017-12-23 16:11:07', NULL, 5, 0, 0, 0),
('1010000000000013', 'Ria Wulandarii', '1987-10-11', 1, 'Depan Pasar Gede', '081300008181', '2017-12-23 16:11:07', NULL, 5, 0, 0, 0),
('1010000000000014', 'Rina Fatimah', '1987-09-29', 1, 'Rumah Bapak Agus Alamudin', '081309987521', '2017-12-23 16:11:07', NULL, 5, 0, 0, 0),
('1010000000000015', 'Zulifatul Ulya', '1991-08-21', 1, 'Rumah Bapak Saiful Aliwahyudi', '081312989300', '2017-12-23 16:11:07', NULL, 5, 0, 0, 0),
('1010000000000016', 'Nur Aulia', '1994-08-29', 1, 'Rumah Bapak Sugino Adib', '081398762345', '2017-12-23 16:11:07', NULL, 5, 0, 0, 0),
('1010000000000017', 'Maulita', '1987-12-05', 1, 'Rumah Bapak Rofik', '087856741243', '2017-12-23 16:11:07', NULL, 5, 0, 0, 0),
('1010000000000018', 'Khoiril Mariyah', '1976-03-31', 1, 'Rumah Bapak Mustofa', '089182280972', '2017-12-23 16:11:07', NULL, 5, 0, 0, 0),
('1010000000000019', 'Nur Ismiati', '1986-09-29', 1, 'Rumah Bapak Santo', '089099876543', '2017-12-23 16:11:07', NULL, 5, 0, 0, 0),
('1010000000000020', 'Maftukhatul K', '1992-07-19', 1, 'Rumah Bapak Nurhadi', '087890126543', '2017-12-23 16:11:07', NULL, 5, 0, 0, 0),
('1010000000000021', 'Koriroh', '1989-04-22', 1, 'Rumah Bapak Sobirin', '081198985001', '2017-12-23 16:11:07', NULL, 5, 0, 0, 0),
('1010000000000022', 'Zahrotun', '1978-07-21', 1, 'Rumah Bapak Firdaus', '081898875101', '2017-12-23 16:11:07', NULL, 5, 0, 0, 0),
('1010000000000023', 'Masronatul', '1989-10-12', 1, 'Rumah Bapak Aghis', '084567654885', '2017-12-23 16:11:07', NULL, 5, 0, 0, 0),
('1010000000000024', 'Karsinah', '1993-11-09', 1, 'Depan Indomart Gladak', '087788909054', '2017-12-23 16:11:07', NULL, 5, 0, 0, 0),
('1010000000000025', 'Musyawaroh', '1977-06-19', 1, 'Rumah Bapak Mukhlisin', '088178651234', '2017-12-23 16:11:07', NULL, 5, 0, 0, 0),
('1010000000000026', 'Endang', '1972-04-09', 1, 'Rumah Bapak Nurochim', '087109245672', '2017-12-23 16:11:07', NULL, 5, 0, 0, 0),
('1010000000000027', 'Nur Fatimah', '1982-01-12', 1, 'Rumah Bapak Nur Alim', '081178765432', '2017-12-23 16:11:07', NULL, 5, 0, 0, 0),
('1010000000000028', 'Siti Khodijah', '1986-09-20', 1, 'Rumah Bapak Mail', '081567264372', '2017-12-23 16:11:07', NULL, 5, 0, 0, 0),
('1010000000000029', 'Narodah', '1994-01-18', 1, 'Rumah Bapak Nukimin', '081571564342', '2017-12-23 16:11:07', NULL, 5, 0, 0, 0),
('1010000000000030', 'Kholidah', '1984-11-14', 1, 'Rumah Bapak M. Syaiful', '0816422318734', '2017-12-23 16:11:07', NULL, 5, 0, 0, 0),
('1010000000000031', 'Murfaati', '1987-12-09', 1, 'Rumah Bapak Rifaai', '080987756341', '2017-12-23 16:11:07', NULL, 5, 0, 0, 0),
('1010000000000032', 'Siti Zaenab', '1979-08-12', 1, 'Rumah Bapak Sobirin', '08198459001', '2017-12-23 16:11:07', NULL, 5, 0, 0, 0),
('1100000000000001', 'Rahmawati', '1984-08-01', 11, 'Rumah Bapak Manaf', '081234561101', '2017-12-19 06:11:37', '2018-01-12 07:05:12', 16, 16, 1, 0),
('1100000000000002', 'Siti Bariyah', '1982-08-02', 11, 'Rumah Bapak Rofi', '081234561102', '2017-12-19 06:12:11', '2018-01-12 07:08:09', 16, 16, 1, 0),
('1100000000000003', 'Sairotun', '1988-08-03', 11, 'Rumah Bapak Zaher', '081234561103', '2017-12-19 06:12:44', '2018-01-12 07:10:28', 16, 16, 1, 0),
('1100000000000004', 'Nur Hidayah', '1974-04-04', 11, 'Rumah Bapak Sulomo', '081234561104', '2017-12-19 06:13:27', '2018-01-12 07:13:28', 16, 16, 1, 0),
('1100000000000005', 'Islamiyatun', '1993-03-01', 11, 'Rumah Bapak Sodikun', '081234561105', '2017-12-19 06:14:05', '2018-01-12 07:15:37', 16, 16, 1, 0),
('1100000000000006', 'Isti Rumaeroh', '1977-07-02', 11, 'Rumah Bapak Agus', '081234561106', '2017-12-19 06:14:41', '2018-01-12 07:17:38', 16, 16, 1, 0),
('1100000000000007', 'Sarminah', '1990-01-01', 11, 'Rumah Bapak Anwar', '081234561107', '2017-12-19 06:15:07', '2018-01-12 07:20:21', 16, 16, 1, 0),
('1100000000000008', 'Hastatik', '1991-05-09', 11, 'Rumah Bapak Kusno', '081234561108', '2017-12-19 06:15:40', '2018-01-13 01:03:11', 16, 16, 1, 0),
('1100000000000009', 'Makiyatul', '1996-06-06', 11, 'Rumah Bapak Bambang', '081234561109', '2017-12-19 06:16:07', '2018-01-13 01:05:11', 16, 16, 1, 0),
('2000000000000001', 'Wulansari', '1961-01-30', 2, 'Rumah Bapak Hamdan', '081200000001', '2017-12-21 20:30:37', '2017-12-24 04:25:38', 6, 6, 1, 0),
('2000000000000002', 'Nurhalimah', '1972-02-29', 2, 'Rumah Bapak Abdul kholik', '081200000002', '2017-12-21 20:30:37', '2018-01-13 06:37:05', 6, 6, 1, 0),
('2000000000000003', 'Nur Zaro ah', '1983-03-28', 2, 'Rumah Bapak Abdul Malik', '081200000003', '2017-12-21 20:30:37', '2017-12-24 04:35:04', 6, 6, 1, 0),
('2000000000000004', 'Munasirah', '1994-04-27', 2, 'Rumah Bapak Aminudin', '081200000004', '2017-12-21 20:30:37', '2018-01-13 06:39:06', 6, 6, 1, 0),
('2000000000000005', 'Sulastri', '1965-05-26', 2, 'Rumah Bapak Ali Yahya', '081200000005', '2017-12-21 20:30:37', '2018-01-13 06:40:39', 6, 6, 1, 0),
('2000000000000006', 'Susanti', '1976-06-25', 2, 'Rumah Bapak Muzamil', '081200000006', '2017-12-21 20:30:37', '2017-12-24 04:21:17', 6, 6, 1, 0),
('2000000000000007', 'Ida Rohmawati', '1987-07-24', 2, 'Rumah Bapak Zainal Abidin', '081200000007', '2017-12-21 20:30:37', '2018-01-13 06:42:22', 6, 6, 1, 0),
('2000000000000008', 'Susowati', '1998-08-23', 2, 'Rumah Bapak Ulil Albab', '081200000008', '2017-12-21 20:30:37', '2018-01-13 06:47:20', 6, 6, 1, 0),
('2000000000000009', 'Mustakiyah', '1969-09-22', 2, 'Rumah Bapak Ari Aminudin', '081200000009', '2017-12-21 20:30:37', '2018-01-13 06:50:01', 6, 6, 1, 0),
('2000000000000010', 'Sri Ayati', '1970-10-21', 2, 'Rumah Bapak Khafidin', '081200000010', '2017-12-21 20:30:37', NULL, 6, 6, 0, 0),
('2000000000000011', 'Siti Muawati', '1969-11-20', 2, 'Rumah Bapak Zainal A', '081200000011', '2017-12-21 20:30:37', NULL, 6, 6, 0, 0),
('2000000000000012', 'Puji Astuti', '1978-12-19', 2, 'Rumah Bapak Ali Kumaidi', '081200000012', '2017-12-21 20:30:37', NULL, 6, 6, 0, 0),
('2000000000000013', 'Asnafiyah', '1987-03-18', 2, 'Rumah Bapak Asrori', '081200000013', '2017-12-21 20:30:37', NULL, 6, 6, 0, 0),
('2000000000000014', 'Nur Fitriyani', '1996-04-17', 2, 'Rumah Bapak Eri Susanto', '081200000014', '2017-12-21 20:30:37', NULL, 6, 6, 0, 0),
('2000000000000015', 'Khumaeroh', '1965-05-16', 2, 'Rumah Bapak Abdul Munir', '081200000015', '2017-12-21 20:30:37', NULL, 6, 6, 0, 0),
('2000000000000016', 'MUSAROPAH', '1974-06-15', 2, 'Rumah Bapak Soleh', '081200000016e', '2017-12-21 20:30:37', '2017-12-23 10:56:56', 6, 6, 0, 0),
('2000000000000017', 'Eka Tidowati', '1983-07-14', 2, 'Rumah Bapak Mashadi', '081200000017', '2017-12-21 20:30:37', NULL, 6, 6, 0, 0),
('2000000000000018', 'Mustikah', '1992-08-13', 2, 'Rumah Bapak Muhajjirin', '081200000018', '2017-12-21 20:30:37', NULL, 6, 6, 0, 0),
('2000000000000019', 'Sumiati', '1961-09-12', 2, 'Rumah Bapak YadiPerum bimantara', '081200000019', '2017-12-21 20:30:37', NULL, 6, 6, 0, 0),
('2000000000000020', 'Zunik Z', '1970-10-11', 2, 'Rumah Bapak Muh Solikin Pager Hijau', '081200000020', '2017-12-21 20:30:37', NULL, 6, 6, 0, 0),
('2000000000000021', 'Rofiatun', '1961-11-10', 2, 'Rumah Bapak Kaso Bakso Sapi', '081200000021', '2017-12-21 20:30:37', NULL, 6, 6, 0, 0),
('2000000000000022', 'Mubarokah', '1972-12-09', 2, 'Rumah Bapak Munaini RW 2', '081200000022', '2017-12-21 20:30:37', NULL, 6, 6, 0, 0),
('2000000000000023', 'Mualibah', '1983-03-08', 2, 'Rumah Bapak Ab.Alif RT 04', '081200000023', '2017-12-21 20:30:37', NULL, 6, 6, 0, 0),
('2000000000000024', 'Mundofiyah', '1994-04-07', 2, 'Rumah Bapak Maskuri', '081200000024', '2017-12-21 20:30:37', NULL, 6, 6, 0, 0),
('2000000000000025', 'Rumisin', '1965-05-06', 2, 'Rumah Bapak Soleh Haniyah', '081200000025', '2017-12-21 20:30:37', NULL, 6, 6, 0, 0),
('2000000000000026', 'Nur Faizah', '1976-06-05', 2, 'Rumah Bapak Ajman', '081200000026', '2017-12-21 20:30:37', NULL, 6, 6, 0, 0),
('2000000000000027', 'Mualifah', '1987-07-04', 2, 'Rumah Bapak Agus Purwanto', '081200000027', '2017-12-21 20:30:37', NULL, 6, 6, 0, 0),
('2000000000000028', 'Khusnul', '1998-08-03', 2, 'Rumah Bapak Motohar', '081200000028', '2017-12-21 20:30:37', NULL, 6, 6, 0, 0),
('2000000000000029', 'Khapindo', '1969-09-02', 2, 'Belakang Ricemill Rumah warna merah', '081200000029', '2017-12-21 20:30:37', NULL, 6, 6, 0, 0),
('2000000000000030', 'Rumanah', '1970-10-01', 2, 'Perum Amanda No.40a', '081200000030', '2017-12-21 20:30:37', NULL, 6, 6, 0, 0),
('2000000000000031', 'Nurul Mahfiroh', '1971-01-31', 2, 'Rumah Bapak Zarkasih', '081200000031', '2017-12-23 16:07:23', NULL, 6, 6, 0, 0),
('2000000000000032', 'Siti Mukholifah', '0000-00-00', 2, 'Rumah Bapak Rosidi', '081200000032', '2017-12-23 16:07:23', NULL, 6, 6, 0, 0),
('2000000000000033', 'Romyandi', '1993-03-29', 2, 'Rumah Bapak Furiman', '081200000033', '2017-12-23 16:07:23', NULL, 6, 6, 0, 0),
('2000000000000034', 'Siti Sarifatul', '1964-04-28', 2, 'Rumah Bapak Sobirin', '081200000034', '2017-12-23 16:07:23', NULL, 6, 6, 0, 0),
('2000000000000035', 'Masfuroh', '1975-05-27', 2, 'Rumah Bapak Nurifan', '081200000035', '2017-12-23 16:07:23', NULL, 6, 6, 0, 0),
('2000000000000036', 'Puji Astutik', '1986-06-26', 2, 'Rumah Bapak Ahmadin', '081200000036', '2017-12-23 16:07:23', NULL, 6, 6, 0, 0),
('2000000000000037', 'Mujiati', '1997-07-25', 2, 'Rumah Bapak M.Yanto', '081200000037', '2017-12-23 16:07:23', NULL, 6, 6, 0, 0),
('2000000000000038', 'Nurjayanti', '1968-08-24', 2, 'Rumah Bapak Taufik', '081200000038', '2017-12-23 16:07:23', NULL, 6, 6, 0, 0),
('2000000000000039', 'Muslifah', '1979-09-23', 2, 'Rumah Bapak Jasmani', '081200000039', '2017-12-23 16:07:23', NULL, 6, 6, 0, 0),
('2000000000000040', 'Nur hayati', '1980-10-22', 2, 'Rumah Bapak Mukhsinin', '081200000040', '2017-12-23 16:07:23', NULL, 6, 6, 0, 0),
('2000000000000041', 'Masniah', '1991-01-21', 2, 'Rumah Bapak Suhadak', '081200000041', '2017-12-23 16:07:23', NULL, 6, 6, 0, 0),
('2000000000000042', 'Rimawati', '1962-02-20', 2, 'Rumah Bapak Niam', '081200000042', '2017-12-23 16:07:23', NULL, 6, 6, 0, 0),
('2000000000000043', 'Siti Mutoharoh', '1973-03-19', 2, 'Rumah Bapak Muftahur Muhir', '081200000043', '2017-12-23 16:07:23', NULL, 6, 6, 0, 0),
('2000000000000044', 'Siti Farikah', '1984-04-18', 2, 'Rumah Bapak Nurhasim', '081200000044', '2017-12-23 16:07:23', NULL, 6, 6, 0, 0),
('2000000000000045', 'Nurul Himah', '1995-05-17', 2, 'Rumah Bapak Dani', '081200000045', '2017-12-23 16:07:23', NULL, 6, 6, 0, 0),
('3000000000000001', 'Vivi', '1977-07-21', 3, 'Depan Indomaret', '081312312341', '2017-12-21 18:51:50', '2018-01-05 06:35:04', 7, 7, 1, 0),
('3000000000000002', 'Nur Hidayah', '1987-08-01', 3, 'Rumah Bapak Rahmad', '081312312300', '2017-12-21 18:54:18', '2018-01-05 06:39:26', 7, 7, 1, 0),
('3000000000000003', 'Siti Zulaikah', '1991-01-20', 3, 'Rumah Bapak Husnul Amin Jaya', '081312312305', '2017-12-21 18:54:18', '2018-01-05 06:43:09', 7, 7, 1, 0),
('3000000000000004', 'Munafiah', '1988-02-02', 3, 'Rumah Bapak Akimul Huda', '081312312456', '2017-12-21 19:22:26', '2018-01-05 06:46:09', 7, 7, 1, 0),
('3000000000000005', 'Eka Fatmawati', '1996-04-03', 3, 'Rumah Bapak Sumarno', '081312312309', '2017-12-21 19:22:26', '2018-01-05 06:50:17', 7, 7, 1, 0),
('3000000000000006', 'Kiswati', '1991-06-01', 3, 'Rumah Bapak Masrokan', '081312312307', '2017-12-21 19:22:26', '2018-01-05 06:53:02', 7, 7, 1, 0),
('3000000000000007', 'Ely Hidayati', '1990-04-02', 3, 'Rumah Bapak Zaim', '081312312308', '2017-12-21 19:22:26', '2018-01-05 06:55:55', 7, 7, 1, 0),
('3000000000000008', 'Muakhiroh', '1980-03-24', 3, 'Rumah Bapak Tarmuji', '081312312310', '2017-12-21 19:22:26', '2018-01-05 06:58:29', 7, 7, 1, 0),
('3000000000000009', 'Nur Indah k', '1970-01-20', 3, 'Rumah Bapak Afifudin Fathi', '081312312311', '2017-12-21 19:22:26', '2018-01-05 07:00:56', 7, 7, 1, 0),
('3000000000000010', 'Atiul Walidain', '1995-12-25', 3, 'Rumah Bapak Dicky Aditya', '081312312312', '2017-12-21 19:22:26', '2018-01-05 07:03:37', 7, 7, 1, 0),
('3000000000000011', 'Nur Saadah', '1976-09-01', 3, 'Rumah Bapak Joko Susanto', '081312319900', '2017-12-21 19:22:26', '2018-01-05 07:07:01', 7, 7, 1, 0),
('3000000000000012', 'Fiatul Kiron', '1996-11-11', 3, 'Rumah Bapak Tri Nur Rohman', '081312312313', '2017-12-21 19:22:26', '2018-01-05 07:09:34', 7, 7, 1, 0),
('3000000000000013', 'Salis Zumrotul H', '1980-10-09', 3, 'Rumah Bapak Mulyono', '081312312314', '2017-12-21 19:22:26', '2018-01-05 07:12:14', 7, 7, 1, 0),
('3000000000000014', 'Suniyah Ulfa', '1994-05-03', 3, 'Rumah Bapak M.Mufadhol', '081312312315', '2017-12-21 19:22:26', '2018-01-05 07:15:02', 7, 7, 1, 0),
('3000000000000015', 'Faidatul Aliyah', '1997-07-30', 3, 'Rumah Bapak A.Taufik', '081312312316', '2017-12-21 19:22:26', '2018-01-05 07:18:00', 7, 7, 1, 0),
('3000000000000016', 'Aini Istiana', '1986-04-29', 3, 'Rumah Bapak Khoirul Anam', '081312312317', '2017-12-21 19:22:26', '2018-01-05 07:20:20', 7, 7, 1, 0),
('3000000000000017', 'Masriroh', '1984-01-18', 3, 'Rumah Bapak Ahmadin', '081312312318', '2017-12-21 19:22:26', '2018-01-05 07:23:01', 7, 7, 1, 0),
('3000000000000018', 'Maya Ulfah', '1979-02-28', 3, 'Rumah Bapak Misbahul Munir', '081312312319', '2017-12-21 19:22:26', '2018-01-05 07:25:26', 7, 7, 1, 0),
('3000000000000019', 'Siti Suyati', '1972-03-14', 3, 'Rumah Bapak Nur Wahid', '081312312320', '2017-12-21 19:22:26', '2018-01-05 07:27:59', 7, 7, 1, 0),
('3000000000000020', 'Siti Sayadah', '1969-10-04', 3, 'Rumah Bapak Nur Abidin', '081312312321', '2017-12-21 19:22:26', '2018-01-05 07:30:37', 7, 7, 1, 0),
('3000000000000021', 'Siti Khafidah', '1972-06-19', 3, 'Rumah Bapak Supatno', '081312312322', '2017-12-21 19:22:26', '2018-01-05 07:33:21', 7, 7, 1, 0),
('3000000000000022', 'Hidayati Laili', '1990-05-31', 3, 'Rumah Bapak Nasobah', '081312312323', '2017-12-21 19:22:26', '2018-01-13 01:13:54', 7, 7, 1, 0),
('3000000000000023', 'Khoiriyah', '1981-02-20', 3, 'Rumah Bapak A.Maftuhin', '081312312324', '2017-12-21 19:22:26', '2018-01-13 01:16:10', 7, 7, 1, 0),
('32', '44', '2016-10-03', 2, 'tgwa', 'abc', '2017-02-19 11:12:45', NULL, 6, 0, 0, 1),
('3300998817262206', 'Darkonah', '1991-12-01', 2, 'Test Darkonah', '083832727887', '2016-12-29 11:20:54', '2017-12-08 07:07:19', 6, 6, 1, 0),
('3300998877661011', 'Ketut Ayu', '1976-04-07', 10, 'Renon Kaja', NULL, '2016-12-26 17:35:53', '2016-12-26 17:35:53', 0, 0, 0, 0),
('3300998877661101', 'Solekhah', '1988-07-06', 1, 'Jalan Raya bonang - demak rt 5 rw 1', NULL, '2016-12-26 17:35:53', '2016-12-26 17:35:53', 0, 0, 0, 0),
('3300998877661111', 'Wayan Arum', '1982-03-19', 11, 'Dempo Barat 5 no.19', NULL, '2016-12-26 17:35:53', '2016-12-26 17:35:53', 0, 0, 0, 0),
('3300998877661122', 'Dyah Pangastuti', '1969-05-14', 11, 'Jl.Dara no.7', NULL, '2016-12-26 17:35:53', '2016-12-26 17:35:53', 0, 0, 0, 0),
('3300998877662201', 'Devita Gusti K', '1992-10-21', 2, 'Perumahan Arum Indah 5 no.7B', '089912999494', '2016-12-26 17:35:53', '2016-12-26 17:35:53', 0, 0, 1, 0),
('3300998877663301', 'Meidy G', '1995-05-31', 3, 'Perum Pagutan Indah RT 1 RW 4', NULL, '2016-12-26 17:35:53', '2016-12-26 17:35:53', 0, 0, 0, 0),
('3300998877664401', 'Margaretha Michelle', '1994-10-28', 4, 'Jalan Singkawang RT 8 RW 2', NULL, '2016-12-26 17:35:53', '2016-12-26 17:35:53', 0, 0, 0, 0),
('3300998877665501', 'Siti', '1980-03-25', 5, 'RT 1 RW 1 Depan Indomaret', NULL, '2016-12-26 17:35:53', '2016-12-26 17:35:53', 0, 0, 1, 0),
('3300998877665502', 'Siti Hamdatun', '1990-11-01', 5, 'Perumahan Bimantara jl. Adi raya no.3', '083837272887', '2016-12-26 17:35:53', '2017-02-24 05:01:36', 0, 2, 0, 0),
('3300998877665503', 'Darkonah', '1970-08-17', 5, 'RT 2 RW 1 Depan Kelurahan', NULL, '2016-12-26 17:35:53', '2016-12-26 17:35:53', 0, 0, 1, 0),
('3300998877665504', 'Abeladira', '1992-04-04', 5, 'Rumah Susun Lantai 2 blok G no.7', NULL, '2016-12-26 17:35:53', '2016-12-26 17:35:53', 0, 0, 0, 0),
('3300998877665505', 'Novi', '1985-06-12', 5, 'Rusun Blok A lantai 2 no.2', NULL, '2016-12-26 17:35:53', '2016-12-26 17:35:53', 0, 0, 0, 0),
('3300998877665544', 'Tukiyem', '1966-11-28', 1, 'RT 2 RW 3', NULL, '2016-12-26 17:35:53', '2016-12-26 17:35:53', 0, 0, 0, 0),
('3300998877666601', 'Dinar Ayu W', '1993-06-13', 6, 'Jl Sidomukti no 2', NULL, '2016-12-26 17:35:53', '2016-12-26 17:35:53', 0, 0, 0, 0),
('3300998877667701', 'Aning W', '1994-02-23', 7, 'Perum Bimantara 9', NULL, '2016-12-26 17:35:53', '2016-12-26 17:35:53', 0, 0, 0, 0),
('3300998877668801', 'Novia F', '1993-07-05', 8, 'Jl. Indraprasta 1', NULL, '2016-12-26 17:35:53', '2016-12-26 17:35:53', 0, 0, 0, 0),
('3300998877669901', 'Ida Laksmiwito', '2016-08-08', 9, 'Komplek Rumah Dinas Bupati Bonang', NULL, '2016-12-26 17:35:53', '2018-01-13 03:37:26', 0, 14, 1, 0),
('3344556677889989', 'Kartika Candra', '1994-02-01', 4, 'Perum Gading Permai', NULL, '2017-01-22 02:50:51', NULL, 8, 0, 0, 0),
('3344990029384875', 'Karsiyem', '1994-04-02', 2, 'cek alamat baru karsiyem', '081234567123', '2016-12-26 04:42:08', '2016-12-26 22:42:08', 6, 0, 0, 0),
('4000000000000001', 'Nur Lina Depriyani', '2017-11-13', 4, 'Rumah Bapak M.Romadhon', '081400000001', '2017-12-21 19:29:45', NULL, 8, 8, 0, 0),
('4000000000000002', 'Solehatun', '2017-09-01', 4, 'Rumah Bapak Amilin', '081400000002', '2017-12-21 19:29:45', NULL, 8, 8, 0, 0),
('4000000000000003', 'Dian Safitri', '1967-12-14', 4, 'Rumah Bapak Khoirul Sofi', '081400000003', '2017-12-21 19:41:33', NULL, 8, 8, 0, 0),
('4000000000000004', 'Nur Hidayah', '1987-01-31', 4, 'Rumah Bapak Romadhon', '081400000004', '2017-12-21 19:41:33', NULL, 8, 8, 0, 0),
('4000000000000005', 'Sobikah', '0000-00-00', 4, 'Rumah Bapak Ali Murtadho', '081400000005', '2017-12-21 19:41:33', NULL, 8, 8, 0, 0),
('4000000000000006', 'Hamdarah', '1969-03-29', 4, 'Rumah Bapak Bejo S', '081400000006', '2017-12-21 19:41:33', NULL, 8, 8, 0, 0),
('4000000000000007', 'Nur Haryanti', '1970-04-28', 4, 'Rumah Bapak Mujahidin', '081400000007', '2017-12-21 19:41:33', NULL, 8, 8, 0, 0),
('4000000000000008', 'Fidayani', '1981-05-27', 4, 'Rumah Bapak Sonori', '081400000008', '2017-12-21 19:41:33', NULL, 8, 8, 0, 0),
('4000000000000009', 'Dyah Nur A', '1992-06-26', 4, 'Rumah Bapak Fahridin', '081400000009', '2017-12-21 19:41:33', NULL, 8, 8, 0, 0),
('4000000000000010', 'Suraifah', '1963-07-25', 4, 'Rumah Bapak Joko Slamet', '081400000010', '2017-12-21 19:41:33', NULL, 8, 8, 0, 0),
('4000000000000011', 'Nur Azizah', '1974-08-24', 4, 'Rumah Bapak Jajad', '081400000011', '2017-12-21 19:41:33', NULL, 8, 8, 0, 0),
('4000000000000012', 'Zumrotun', '1985-09-23', 4, 'Rumah Bapak Sobiren', '081400000012', '2017-12-21 19:41:33', NULL, 8, 8, 0, 0),
('4000000000000013', 'Inayah', '1980-10-22', 4, 'Rumah Bapak Musawal', '081400000013', '2017-12-21 19:41:33', NULL, 8, 8, 0, 0),
('4000000000000014', 'Naikis', '1980-11-21', 4, 'Rumah Bapak Masukan', '081400000014', '2017-12-21 19:41:33', NULL, 8, 8, 0, 0),
('4000000000000015', 'Ajnihatula', '1983-12-20', 4, 'Rumah Bapak Nurul Huda', '081400000015', '2017-12-21 19:41:33', NULL, 8, 8, 0, 0),
('4000000000000016', 'Ana R', '1994-01-19', 4, 'Rumah Bapak Jayuli', '081400000016', '2017-12-21 19:52:58', NULL, 8, 8, 0, 0),
('4000000000000017', 'Siti Rokinah', '1966-02-18', 4, 'Rumah Bapak Zaenul Arifin', '081400000017', '2017-12-21 19:52:58', NULL, 8, 8, 0, 0),
('4000000000000018', 'Imsoatul A', '1977-03-17', 4, 'Rumah Bapak M.Yusuf', '081400000018', '2017-12-21 19:52:58', NULL, 8, 8, 0, 0),
('4000000000000019', 'Larasati', '1988-04-16', 4, 'Rumah Bapak M.Soleh', '081400000019', '2017-12-21 19:52:58', NULL, 8, 8, 0, 0),
('4000000000000020', 'Horidatus S', '1999-05-15', 4, 'Rumah Bapak Hendro', '081400000020', '2017-12-21 19:52:58', NULL, 8, 8, 0, 0),
('4000000000000021', 'Uswatun K', '1960-06-14', 4, 'Rumah Bapak Abdullah', '081400000021', '2017-12-21 19:52:58', NULL, 8, 8, 0, 0),
('4000000000000022', 'Nur Hidayah', '1971-07-13', 4, 'Rumah Bapak Iwan R', '081400000022', '2017-12-21 19:52:58', NULL, 8, 8, 0, 0),
('4000000000000023', 'kazimatus Z', '1982-08-12', 4, 'Rumah Bapak Faisal Haris', '081400000023', '2017-12-21 19:52:58', NULL, 8, 8, 0, 0),
('4000000000000024', 'Muslekah', '1993-09-11', 4, 'Rumah Bapak Sobirin', '081400000024', '2017-12-21 19:52:58', NULL, 8, 8, 0, 0),
('4000000000000025', 'Shohipah', '1964-10-10', 4, 'Rumah Bapak Saiful Hadi', '081400000025', '2017-12-21 19:52:58', NULL, 8, 8, 0, 0),
('4000000000000026', 'Indah F', '1975-11-09', 4, 'Rumah Bapak Ari Ar', '081400000026', '2017-12-21 19:52:58', NULL, 8, 8, 0, 0),
('4000000000000027', 'Juwariyah', '1986-12-08', 4, 'Rumah Bapak Kaeny', '081400000027', '2017-12-21 19:52:58', NULL, 8, 8, 0, 0),
('4000000000000028', 'Nadifatul F', '1997-01-07', 4, 'Rumah Bapak Ardi M', '081400000028', '2017-12-21 19:52:58', NULL, 8, 8, 0, 0),
('4000000000000029', 'Nasihatul Ilma', '1968-02-06', 4, 'Rumah Bapak A.Sobirin', '081400000029', '2017-12-21 19:52:58', NULL, 8, 8, 0, 0),
('4000000000000030', 'Emi Irfa', '1979-03-05', 4, 'Rumah Bapak Saefudin', '081400000030', '2017-12-21 19:52:58', NULL, 8, 8, 0, 0),
('4000000000000031', 'Nurul', '1980-04-04', 4, 'Rumah Bapak Ansori', '081400000031', '2017-12-21 19:52:58', NULL, 8, 8, 0, 0),
('5000000000000001', 'Siti Masruroh', '1978-10-13', 7, 'Rumah Bapak M. Fauzan', '081899081673', '2017-12-23 16:22:49', NULL, 2, 0, 0, 0),
('5000000000000002', 'Nur Sofiani', '1988-09-10', 7, 'Rumah Bapak Kasmo', '086773468871', '2017-12-23 16:22:49', NULL, 2, 0, 0, 0),
('5000000000000003', 'Dewi Retnowati', '1989-01-11', 7, 'Rumah Bapak Kambali', '082793468070', '2017-12-23 16:22:49', NULL, 2, 0, 0, 0),
('5000000000000004', 'Nur Hdayati', '1981-11-11', 7, 'Rumah Bapak Taqiyuddin', '089800125674', '2017-12-23 16:22:49', NULL, 2, 0, 0, 0),
('5000000000000005', 'Lusi Ambarwati', '1983-01-17', 7, 'Rumah Bapak Subari', '087872125689', '2017-12-23 16:22:49', NULL, 2, 0, 0, 0),
('5000000000000006', 'Sholikati', '1986-07-20', 7, 'Rumah Bapak Wakid', '08791532735', '2017-12-23 16:22:49', NULL, 2, 0, 0, 0),
('5000000000000007', 'Fitriyani', '1984-09-21', 7, 'Rumah Bapak Ali Mustakim', '080984275385', '2017-12-23 16:22:49', NULL, 2, 0, 0, 0),
('5000000000000008', 'Suyati', '1987-03-04', 7, 'Rumah Bapak Suhardi', '089826836579', '2017-12-23 16:22:49', NULL, 2, 0, 0, 0),
('5000000000000009', 'Riski Amalia', '1994-09-28', 7, 'Rumah Bapak Samsudi', '081875925143', '2017-12-23 16:22:49', NULL, 2, 0, 0, 0),
('5000000000000010', 'Sulastri', '1984-09-21', 7, 'Rumah Bapak M. Husaini', '089873925195', '2017-12-23 16:22:49', NULL, 2, 0, 0, 0),
('5000000000000011', 'Eni Hidayatul', '1989-06-29', 7, 'Rumah Bapak Sriyanto', '085983762056', '2017-12-23 16:22:49', NULL, 2, 0, 0, 0),
('5000000000000012', 'Safarotun Nimah', '1990-01-04', 7, 'Rumah Bapak Abdul Wakid', '089814724672', '2017-12-23 16:22:49', NULL, 2, 0, 0, 0),
('5000000000000013', 'Munipah', '1980-11-14', 7, 'Rumah Bapak Muttaqin', '089814720176', '2017-12-23 16:22:49', NULL, 2, 0, 0, 0),
('5000000000000014', 'Muslikah', '1980-01-19', 7, 'Rumah Bapak Ali Mansyur', '088190984453', '2017-12-23 16:22:49', NULL, 2, 0, 0, 0),
('5000000000000015', 'Rukayah', '1982-05-25', 7, 'Rumah Bapak M. Aris', '082765340918', '2017-12-23 16:22:49', NULL, 2, 0, 0, 0),
('5000000000000016', 'Kasturiyah', '1979-07-15', 7, 'Rumah Bapak Abdur Rohman', '081890157254', '2017-12-23 16:22:49', NULL, 2, 0, 0, 0),
('5000000000000017', 'Nur Aini', '1989-05-11', 7, 'Rumah Bapak Kasbullah', '081179862435', '2017-12-23 16:22:49', NULL, 2, 0, 0, 0),
('5000000000000018', 'Sri Lestari', '1990-03-10', 7, 'Rumah Bapak Afendi', '081879880946', '2017-12-23 16:22:49', NULL, 2, 0, 0, 0),
('5000000000000019', 'Mauliyah', '1992-08-17', 7, 'Rumah Bapak Masyar', '081890457183', '2017-12-23 16:22:49', NULL, 2, 0, 0, 0),
('5000000000000020', 'Nifa Asyifatun N', '1992-03-27', 7, 'Rumah Bapak Ikhwanudin', '088190454728', '2017-12-23 16:22:49', NULL, 2, 0, 0, 0),
('5000000000000021', 'Zahrotul Zulfa', '1994-09-04', 7, 'Rumah Bapak Muhadi', '087190459193', '2017-12-23 16:22:49', NULL, 2, 0, 0, 0),
('5000000000000022', 'Musthofiyah', '1984-12-05', 7, 'Rumah Bapak Supaat', '087190411100', '2017-12-23 16:22:49', NULL, 2, 0, 0, 0),
('5000000000000023', 'Munfaati', '1994-11-10', 7, 'Rumah Bapak M. Ridwan', '087190091234', '2017-12-23 16:22:49', NULL, 2, 0, 0, 0),
('5000000000000024', 'Siti Riski A', '1989-07-18', 7, 'Rumah Bapak Suhadi', '0890599091143', '2017-12-23 16:22:49', NULL, 2, 0, 0, 0),
('5000000000000025', 'Siti Ramdhonah', '1990-01-11', 7, 'Rumah Bapak Nurul Ihsan', '081399347682', '2017-12-23 16:22:49', NULL, 2, 0, 0, 0),
('5000000000000026', 'Siti Mundhakiroh', '1987-03-21', 7, 'Rumah Bapak Joko Triyono', '088199391682', '2017-12-23 16:22:49', NULL, 2, 0, 0, 0),
('5000000000000027', 'Siti Afifah', '1991-10-11', 7, 'Rumah Bapak Munir', '088828433966', '2017-12-23 16:22:49', NULL, 2, 0, 0, 0),
('5000000000000028', 'Juriyah', '1981-11-13', 7, 'Rumah Bapak Sutrisno', '086284319936', '2017-12-23 16:22:49', NULL, 2, 0, 0, 0),
('5000000000000029', 'Indah I', '1988-04-17', 7, 'Rumah Bapak Adab B. U', '083182453395', '2017-12-23 16:22:49', NULL, 2, 0, 0, 0),
('5000000000000030', 'Purwanti', '1989-08-09', 7, 'Rumah Bapak Ahmad Sodiq', '081484527745', '2017-12-23 16:22:49', NULL, 2, 0, 0, 0),
('5000000000000031', 'Siti Khoiriyah', '1990-11-01', 7, 'Rumah Bapak Ab. Malik', '081945194431', '2017-12-23 16:22:49', NULL, 2, 0, 0, 0),
('5000000000000032', 'Sri Wahyuni', '1991-06-15', 7, 'Rumah Bapak M. Azhar ', '081197235555', '2017-12-23 16:22:49', NULL, 2, 0, 0, 0),
('6000000000000001', 'Arina Fitriayana', '1977-05-17', 6, 'Rumah Bapak Didin', '081234567601', '2017-12-19 05:19:25', '2018-01-13 04:11:41', 9, 9, 1, 0),
('6000000000000002', 'Khafihotun N', '1987-05-28', 6, 'Rumah Bapak Riyanto', '081234567602', '2017-12-19 05:20:02', '2018-01-13 04:13:36', 9, 9, 1, 0),
('6000000000000003', 'Sholeka', '1992-06-03', 6, 'Rumah Bapak Sutrisno', '081234567603', '2017-12-19 05:20:46', '2018-01-13 04:45:25', 9, 9, 1, 0),
('6000000000000004', 'Aprilianti', '1988-06-08', 6, 'Rumah Bapak Jumali', '081234567604', '2017-12-19 05:21:27', '2018-01-13 04:47:20', 9, 9, 1, 0),
('6000000000000005', 'Siti Zulaikah', '1996-06-15', 6, 'Rumah Bapak Ainul Hakim', '081234567605', '2017-12-19 05:22:03', '2018-01-13 05:26:41', 9, 9, 1, 0),
('6000000000000006', 'Irma Imaniyah', '1991-06-20', 6, 'Rumah Bapak Rizal Wahyu', '081234567606', '2017-12-19 05:25:30', '2018-01-13 05:28:39', 9, 9, 1, 0),
('6000000000000007', 'Nurul Fitri', '1994-06-24', 6, 'Rumah Bapak A Farikhin', '081234567607', '2017-12-19 05:26:08', '2018-01-13 05:30:19', 9, 9, 1, 0),
('6000000000000008', 'Lailatul A', '1987-07-07', 6, 'Rumah Bapak Rahmad Kartono', '081234567608', '2017-12-19 05:26:51', '2018-01-13 05:32:28', 9, 9, 1, 0),
('6000000000000009', 'Risalatul Ulah', '1987-07-08', 6, 'Rumah Bapak Taufik', '081234567609', '2017-12-19 05:27:37', '2018-01-13 05:34:16', 9, 9, 1, 0),
('6000000000000010', 'Khariroh', '1991-07-12', 6, 'Rumah Bapak Wendy.S', '081234567610', '2017-12-19 05:28:20', '2018-01-13 05:36:03', 9, 9, 1, 0),
('6000000000000011', 'Muarofah', '1965-07-15', 6, 'Rumah Bapak Taswan', '081234567611', '2017-12-19 05:29:11', '2018-01-13 05:38:00', 9, 9, 1, 0),
('6000000000000012', 'Mustofiyah', '1987-07-17', 6, 'Rumah Bapak A.Mustakim', '081234567612', '2017-12-19 05:29:51', '2018-01-13 05:40:09', 9, 9, 1, 0),
('6000000000000013', 'Tafizatul', '1982-08-02', 6, 'Rumah Bapak Foriul', '081234567613', '2017-12-19 05:30:27', '2018-01-13 05:41:56', 9, 9, 1, 0),
('6000000000000014', 'Nur Annisa', '1986-08-05', 6, 'Rumah Bapak Rozikin', '081234567614', '2017-12-19 05:31:02', '2018-01-13 05:43:52', 9, 9, 1, 0),
('6000000000000015', 'Nurul Fitri F', '1989-08-09', 6, 'Rumah Bapak A Farukin', '081234567615', '2017-12-19 05:32:46', '2018-01-13 06:07:09', 9, 9, 1, 0),
('6000000000000016', 'Maryati', '1968-08-17', 6, 'Rumah Bapak Mashadi', '081234567616', '2017-12-19 05:33:32', '2018-01-13 06:09:03', 9, 9, 1, 0),
('6000000000000017', 'Lis Safriyanti', '1969-08-17', 6, 'Rumah Bapak Irham', '081234567617', '2017-12-19 05:35:53', '2018-01-13 06:10:50', 9, 9, 1, 0),
('6000000000000018', 'Zulaikoh', '1992-02-21', 6, 'Rumah Bapak Agus', '081234567618', '2017-12-19 05:36:27', '2018-01-13 06:12:28', 9, 9, 1, 0),
('6000000000000019', 'Mufiatun', '1991-01-31', 6, 'Rumah Bapak Dimas', '081234567619', '2017-12-19 05:37:03', '2018-01-13 06:13:54', 9, 9, 1, 0),
('6000000000000020', 'Isa Khoiriyah', '1993-03-05', 6, 'Ahmad Sugiman', '081234567620', '2017-12-19 05:37:42', '2018-01-13 06:15:20', 9, 9, 1, 0),
('6000000000000021', 'Zahrotun Ni\\''Mah', '1972-01-09', 6, 'Rumah Bapak M.Maksum', '081234567621', '2017-12-19 05:38:41', '2018-01-13 06:16:57', 9, 9, 1, 0),
('6000000000000022', 'Ambarwati', '1982-02-12', 6, 'Rumah Bapak Nur Rokhim', '081234567622', '2017-12-19 05:39:57', '2018-01-13 06:18:13', 9, 9, 1, 0),
('6000000000000023', 'Nisa', '1996-04-15', 6, 'Rumah Bapak M Karsidin', '081234567623', '2017-12-19 05:40:31', '2018-01-13 06:19:34', 9, 9, 1, 0),
('7000000000000001', 'Siti Nurjanah', '1978-02-26', 7, 'Rumah Bapak Sunaim', '089801120094', '2017-12-23 16:11:07', NULL, 10, 0, 0, 0),
('7000000000000002', 'Retno Khoirul', '1991-04-23', 7, 'Rumah Bapak Asrofi', '081205160709', '2017-12-23 16:11:07', NULL, 10, 0, 0, 0),
('7000000000000003', 'Nur Hasanah', '1981-07-13', 7, 'Rumah Bapak Mudzakir', '082104190909', '2017-12-23 16:11:07', NULL, 10, 0, 0, 0),
('7000000000000004', 'Fatiatul W', '1989-01-31', 7, 'Rumah Bapak Ali Zubaidi', '081224199999', '2017-12-23 16:11:07', NULL, 10, 0, 0, 0),
('7000000000000005', 'Muafifah', '1992-07-31', 7, 'Rumah Bapak Ahmadi', '081324191189', '2017-12-23 16:11:07', NULL, 10, 0, 0, 0),
('7000000000000006', 'Rosidah', '1991-09-21', 7, 'Rumah Bapak Mustakim', '0878241915183', '2017-12-23 16:11:07', NULL, 10, 0, 0, 0),
('7000000000000007', 'Khomsatun', '1983-05-11', 7, 'Rumah Bapak Ali Sodikin', '0871251965987', '2017-12-23 16:11:07', NULL, 10, 0, 0, 0),
('7000000000000008', 'Ayun Mustofiyah', '1993-08-09', 7, 'Jalan Mawar Perumahan Cempaka', '086789081432', '2017-12-23 16:11:07', NULL, 10, 0, 0, 0),
('7000000000000009', 'Eva Kurniawati', '1991-07-14', 7, 'Jalan Melati Perumahan Cempaka', '0871251098987', '2017-12-23 16:11:07', NULL, 10, 0, 0, 0),
('7000000000000010', 'Ainun Madifah', '1989-12-12', 7, 'Rumah Bapak Thohir', '087264567897', '2017-12-23 16:11:07', NULL, 10, 0, 0, 0),
('7000000000000011', 'Tutik Wagiyati', '1990-11-11', 7, 'Rumah Bapak Anggi', '087908716543', '2017-12-23 16:11:07', NULL, 10, 0, 0, 0),
('7000000000000012', 'Lailatul M', '1986-10-09', 7, 'Rumah Bapak Rizal', '085438715432', '2017-12-23 16:11:07', NULL, 10, 0, 0, 0),
('7000000000000013', 'Basirotun Nafidah', '1989-11-29', 7, 'Rumah Bapak Agus Qomar', '082198762354', '2017-12-23 16:11:07', NULL, 10, 0, 0, 0),
('7000000000000014', 'Amalia Handayani', '1988-10-22', 7, 'Rumah Bapak Aji Nugroho', '082294562374', '2017-12-23 16:11:07', NULL, 10, 0, 0, 0),
('7000000000000015', 'Nazrotun Naim', '1988-11-13', 7, 'Rumah Bapak Ari Apriyanto', '081567756871', '2017-12-23 16:11:07', NULL, 10, 0, 0, 0),
('8000000000000001', 'Muslikah', '1961-07-30', 8, 'Rumah Bapak M.Zami', '081800000001', '2017-12-24 19:27:12', NULL, 13, 13, 0, 0),
('8000000000000002', 'Eni Pujiyati', '1972-08-29', 8, 'Rumah Bapak M.Zazi', '081800000002', '2017-12-24 19:27:12', NULL, 13, 13, 0, 0),
('8000000000000003', 'Nur Azizah', '1983-09-28', 8, 'Rumah Bapak Ahmadin', '081800000003', '2017-12-24 19:27:12', NULL, 13, 13, 0, 0),
('8000000000000004', 'Budiyati', '1994-10-27', 8, 'Rumah Bapak Mujiyanto', '081800000004', '2017-12-24 19:27:12', NULL, 13, 13, 0, 0),
('8000000000000005', 'Anida Sifaus', '1965-11-26', 8, 'Rumah Depan Puskesmas No.5', '081800000005', '2017-12-24 19:27:12', NULL, 13, 13, 0, 0),
('8000000000000006', 'Sopiyatun', '1976-12-25', 8, 'Rumah Bapak Arbagie', '081800000006', '2017-12-24 19:27:12', NULL, 13, 13, 0, 0),
('8000000000000007', 'Siti Maghfiroh', '1987-01-24', 8, 'Rumah Bapak Maskus', '081800000007', '2017-12-24 19:27:12', NULL, 13, 13, 0, 0),
('8000000000000008', 'Siti Kamiroh', '1998-02-23', 8, 'Rumah Bapak Sunito', '081800000008', '2017-12-24 19:27:12', NULL, 13, 13, 0, 0),
('8000000000000009', 'Siti Zaenal', '1969-03-22', 8, 'Rumah Bapak Aris Inwar', '081800000009', '2017-12-24 19:27:12', NULL, 13, 13, 0, 0),
('8000000000000010', 'Khoiriyah', '1970-04-21', 8, 'Rumah Bapak Samsul', '081800000010', '2017-12-24 19:27:12', NULL, 13, 13, 0, 0),
('8000000000000011', 'Komsatun', '1961-05-30', 8, 'Rumah Bapak Bejo', '081800000011', '2017-12-24 19:27:12', NULL, 13, 13, 0, 0),
('8000000000000012', 'Nur Azizah', '1972-06-29', 8, 'Rumah Bapak Son Haji', '081800000012', '2017-12-24 19:27:12', NULL, 13, 13, 0, 0),
('8000000000000013', 'Maria Ulfa', '1983-07-28', 8, 'Jl.Kepanggihan No.10', '081800000013', '2017-12-24 19:27:12', NULL, 13, 13, 0, 0),
('8000000000000014', 'Siti Raulfa', '1994-08-27', 8, 'Rumah Bapak Kurota Ayun', '081800000014', '2017-12-24 19:27:12', NULL, 13, 13, 0, 0),
('8000000000000015', 'Umrotul', '1965-09-26', 8, 'Rumah Bapak Maflukin', '081800000015', '2017-12-24 19:27:12', NULL, 13, 13, 0, 0),
('8000000000000016', 'Sofiyatun', '1976-10-25', 8, 'Rumah Bapak Amarzuki', '081800000016', '2017-12-24 19:27:12', NULL, 13, 13, 0, 0),
('8000000000000017', 'Ulin', '1987-11-24', 8, 'Rumah Bapak Abdul Hakim', '081800000017', '2017-12-24 19:27:12', NULL, 13, 13, 0, 0),
('8000000000000018', 'Nikmah', '1998-12-23', 8, 'Rumah Bapak Prayitno', '081800000018', '2017-12-24 19:27:12', NULL, 13, 13, 0, 0),
('8000000000000019', 'Erni M', '1969-11-22', 8, 'Rumah Bapak Fadlan', '081800000019', '2017-12-24 19:27:12', NULL, 13, 13, 0, 0),
('8000000000000020', 'Fadhilah', '1970-10-21', 8, 'Rumah Bapak Zaenal Arifin', '081800000020', '2017-12-24 19:27:12', NULL, 13, 13, 0, 0),
('8000000000000021', 'Erna', '1961-09-30', 8, 'Rumah Bapak Ali Mafhar', '081800000021', '2017-12-24 19:27:12', NULL, 13, 13, 0, 0),
('8000000000000022', 'Nafah', '1972-08-29', 8, 'Rumah Bapak Muhajirin', '081800000022', '2017-12-24 19:27:12', NULL, 13, 13, 0, 0),
('8000000000000023', 'Nanik W', '1983-07-28', 8, 'Rumah Bapak Agus', '081800000023', '2017-12-24 19:27:12', NULL, 13, 13, 0, 0),
('8000000000000024', 'Siti Hikmah', '1994-06-27', 8, 'Rumah Bapak Zamroni', '081800000024', '2017-12-24 19:27:12', NULL, 13, 13, 0, 0),
('8000000000000025', 'Imrona', '1965-05-26', 8, 'Rumah Bapak Abdul Rahman', '081800000025', '2017-12-24 19:27:12', NULL, 13, 13, 0, 0),
('9000000000000001', 'Umi Ningsih', '1980-11-19', 9, 'Depan Pasar Gede', '089988459001', '2017-12-23 16:11:07', '2018-01-13 01:31:10', 14, 14, 1, 0),
('9000000000000002', 'Kafidah', '1981-08-30', 9, 'Depan Pasar Jakal', '088190009987', '2017-12-23 16:11:07', '2018-01-13 01:33:05', 14, 14, 1, 0),
('9000000000000003', 'Musalimah', '1981-08-17', 9, 'Rumah Bapak Khofron', '087899009987', '2017-12-23 16:11:07', '2018-01-13 01:35:05', 14, 14, 1, 0),
('9000000000000004', 'Ashihatun', '1981-10-27', 9, 'Rumah Bapak Aris Munandar', '089988879012', '2017-12-23 16:11:07', '2018-01-13 01:37:36', 14, 14, 1, 0),
('9000000000000005', 'Rummanah', '1988-08-11', 9, 'Rumah Bapak Sudarmanto', '089080809010', '2017-12-23 16:11:07', '2018-01-13 01:57:07', 14, 14, 1, 0),
('9000000000000006', 'Ulfatun Khasanah', '1989-09-17', 9, 'Rumah Bapak Mujib', '089182839415', '2017-12-23 16:11:07', '2018-01-13 01:59:08', 14, 14, 1, 0),
('9000000000000007', 'Rhodatun', '1990-01-13', 9, 'Rumah Bapak Aminudin', '089584839211', '2017-12-23 16:11:07', '2018-01-13 02:01:17', 14, 14, 1, 0),
('9000000000000008', 'Nur Khofah', '1981-04-19', 9, 'Rumah Bapak Mudhofiyan', '081524334251', '2017-12-23 16:11:07', '2018-01-13 02:02:58', 14, 14, 1, 0),
('9000000000000009', 'Rodasih', '1987-09-22', 9, 'Rumah Bapak Lukmas', '082534356251', '2017-12-23 16:11:07', '2018-01-13 02:04:49', 14, 14, 1, 0),
('9000000000000010', 'Ismiyah', '1977-04-01', 9, 'Rumah Bapak Jamil', '081132357251', '2017-12-23 16:11:07', '2018-01-13 02:07:47', 14, 14, 1, 0),
('9000000000000011', 'Fahmina', '1989-08-21', 9, 'Rumah Bapak Syafii', '087899210098', '2017-12-23 16:11:07', '2018-01-13 02:09:36', 14, 14, 1, 0),
('9000000000000012', 'Sri Wahyuni', '1976-01-11', 9, 'Rumah Bapak Edi Subarka', '089871562532', '2017-12-23 16:11:07', '2018-01-13 02:11:51', 14, 14, 1, 0),
('9000000000000013', 'Nurkhasanah', '1977-06-12', 9, 'Rumah Bapak Ashadi', '089098781264', '2017-12-23 16:11:07', '2018-01-13 02:13:51', 14, 14, 1, 0),
('9000000000000014', 'Mualimah', '1979-08-12', 9, 'Rumah Bapak Jumadi', '089091672654', '2017-12-23 16:11:07', '2018-01-13 02:15:50', 14, 14, 1, 0),
('9000000000000015', 'Musadah', '1980-09-21', 9, 'Rumah Bapak Yazid', '088191875463', '2017-12-23 16:11:07', '2018-01-13 02:18:17', 14, 14, 1, 0),
('9000000000000016', 'Fatihatus', '1981-10-09', 9, 'Rumah Bapak Edi Solikhin', '081099479493', '2017-12-23 16:11:07', '2018-01-13 02:20:26', 14, 14, 1, 0),
('9000000000000017', 'Siti Maesaroh', '1990-11-01', 9, 'Rumah Bapak Edi Haryanto', '088756715672', '2017-12-23 16:11:07', '2018-01-13 02:34:37', 14, 14, 1, 0),
('9000000000000018', 'Nur Afifah', '1991-01-01', 9, 'Rumah Bapak Edi Sutomo', '080956917672', '2017-12-23 16:11:07', '2018-01-13 02:36:47', 14, 14, 1, 0),
('9000000000000019', 'Siti Ulfah', '1988-11-21', 9, 'Rumah Bapak Ahmadun', '080977650968', '2017-12-23 16:11:07', '2018-01-13 02:40:29', 14, 14, 1, 0),
('9000000000000020', 'Farokhah', '1987-10-15', 9, 'Rumah Bapak Nur Rufik', '088198764541', '2017-12-23 16:11:07', '2018-01-13 02:42:31', 14, 14, 1, 0),
('9000000000000021', 'Faridhotul', '1988-11-09', 9, 'Rumah Bapak Zainudin', '084176543123', '2017-12-23 16:11:07', '2018-01-13 02:44:38', 14, 14, 1, 0),
('9000000000000022', 'Lailul Muna', '1978-12-19', 9, 'Rumah Bapak Khoirun', '089872265423', '2017-12-23 16:11:07', '2018-01-13 02:47:51', 14, 14, 1, 0),
('9000000000000023', 'Rohmatun', '1981-07-22', 9, 'Rumah Bapak Hadi', '089554239902', '2017-12-23 16:11:07', '2018-01-13 02:50:43', 14, 14, 1, 0),
('9000000000000024', 'Haryanti', '0000-00-00', 9, 'Depan Alfamart Jati', '089067541221', '2017-12-23 16:11:07', '2018-01-13 03:00:33', 14, 14, 1, 0),
('9000000000000025', 'Siti Nur Aisyah', '1988-02-28', 9, 'Rumah Bapak Triyanto', '089801127644', '2017-12-23 16:11:07', '2018-01-13 03:02:30', 14, 14, 1, 0),
('9000000000000026', 'Luluk Rukayatun', '1990-07-18', 9, 'Rumah Bapak Mukti', '089901901772', '2017-12-23 16:11:07', '2018-01-13 03:04:29', 14, 14, 1, 0),
('9000000000000027', 'Khafidhoh', '1978-09-22', 9, 'Rumah Bapak Mauludin', '081987614423', '2017-12-23 16:11:07', '2018-01-13 03:06:31', 14, 14, 1, 0),
('9000000000000028', 'Sofiyah', '1988-01-07', 9, 'Rumah Bapak Nurunda', '081896741423', '2017-12-23 16:11:07', '2018-01-13 03:08:24', 14, 14, 1, 0),
('9000000000000029', 'Zulfatin', '1977-04-27', 9, 'Rumah Bapak Rosyid', '089877264113', '2017-12-23 16:11:07', '2018-01-13 03:20:53', 14, 14, 1, 0),
('9000000000000030', 'Saparoh', '1979-08-09', 9, 'Rumah Bapak Rosyid', '080997204114', '2017-12-23 16:11:07', '2018-01-13 03:22:55', 14, 14, 1, 0),
('9000000000000031', 'Ainur Rahmah', '1978-11-07', 9, 'Rumah Bapak Alim Aliansyah', '082137201114', '2017-12-23 16:11:07', '2018-01-13 03:35:17', 14, 14, 1, 0),
('9000000000000032', 'Laili Munawaroh', '1983-03-03', 9, 'Rumah Bapak Muhammadin', '081327202214', '2017-12-23 16:11:07', NULL, 14, 0, 0, 0);

-- --------------------------------------------------------

--
-- Struktur dari tabel `kehamilan`
--

CREATE TABLE `kehamilan` (
  `id_kehamilan` int(5) NOT NULL,
  `daftar_by` int(2) NOT NULL,
  `id_ibu` varchar(16) NOT NULL,
  `waktu_daftar` datetime NOT NULL DEFAULT CURRENT_TIMESTAMP,
  `waktu_ubah` datetime DEFAULT NULL,
  `ubah_by` int(2) NOT NULL,
  `waktu_akhir` datetime DEFAULT NULL,
  `usia_kandungan_daftar` int(2) NOT NULL,
  `HPL` date DEFAULT NULL,
  `status_kehamilan` tinyint(1) NOT NULL
) ENGINE=InnoDB DEFAULT CHARSET=latin1;

--
-- Dumping data untuk tabel `kehamilan`
--

INSERT INTO `kehamilan` (`id_kehamilan`, `daftar_by`, `id_ibu`, `waktu_daftar`, `waktu_ubah`, `ubah_by`, `waktu_akhir`, `usia_kandungan_daftar`, `HPL`, `status_kehamilan`) VALUES
(1, 2, '3300998877665503', '2016-12-26 20:11:25', '2017-06-07 00:00:00', 0, NULL, 2, '2017-09-01', 0),
(2, 6, '3300998817262206', '2017-01-01 10:19:57', '2017-03-27 06:38:08', 0, NULL, 5, '2017-09-01', 1),
(3, 2, '3300998877665501', '2017-01-01 04:17:19', NULL, 0, NULL, 4, '2017-12-28', 1),
(4, 6, '3300998877662201', '2017-02-27 12:01:50', '2017-11-19 06:54:14', 3, NULL, 25, '2017-04-13', 0),
(5, 6, '2000000000000006', '2017-12-24 04:21:17', '2018-01-10 06:02:32', 3, NULL, 12, '2017-10-12', 1),
(6, 6, '2000000000000001', '2017-07-10 04:25:38', '2017-07-10 05:12:42', 3, NULL, 4, '2017-02-19', 1),
(7, 6, '2000000000000003', '2017-12-24 04:35:04', '2018-01-10 06:02:18', 3, NULL, 4, '2018-02-10', 1),
(8, 15, '1000000000000001', '2017-12-17 12:58:00', '2018-01-10 06:00:07', 3, NULL, 7, '2018-01-16', 1),
(9, 15, '1000000000000002', '2018-01-04 01:06:16', NULL, 0, NULL, 7, '2018-02-05', 0),
(10, 15, '1000000000000003', '2018-01-04 05:23:19', NULL, 0, NULL, 9, '2018-02-05', 0),
(11, 15, '1000000000000004', '2018-01-04 05:27:19', NULL, 0, NULL, 9, '2018-02-24', 0),
(12, 15, '1000000000000005', '2018-01-04 05:32:13', NULL, 0, NULL, 8, '2018-02-28', 0),
(13, 15, '1000000000000006', '2018-01-04 05:36:11', NULL, 0, NULL, 10, '2018-02-21', 0),
(14, 15, '1000000000000007', '2018-01-04 05:39:58', NULL, 0, NULL, 9, '2018-02-08', 0),
(15, 15, '1000000000000008', '2018-01-04 05:45:19', NULL, 0, NULL, 7, '2018-02-20', 0),
(16, 15, '1000000000000009', '2018-01-04 05:51:08', NULL, 0, NULL, 10, '2018-02-16', 0),
(17, 15, '1000000000000010', '2018-01-04 05:54:37', NULL, 0, NULL, 5, '2018-03-15', 0),
(18, 15, '1000000000000011', '2018-01-04 06:01:50', NULL, 0, NULL, 7, '2018-03-14', 0),
(19, 15, '1000000000000012', '2017-12-13 06:05:53', '2018-01-10 06:04:06', 3, NULL, 5, '2018-03-15', 1),
(20, 15, '1000000000000013', '2018-01-04 06:09:11', NULL, 0, NULL, 7, '2018-03-20', 0),
(21, 15, '1000000000000014', '2018-01-04 06:13:39', NULL, 0, NULL, 10, '2018-03-05', 0),
(22, 15, '1000000000000015', '2018-01-04 06:17:10', NULL, 0, NULL, 9, '2018-03-27', 0),
(23, 15, '1000000000000016', '2018-01-04 06:19:52', NULL, 0, NULL, 8, '2018-03-31', 0),
(24, 15, '1000000000000017', '2017-12-20 06:30:07', '2018-01-10 06:01:22', 3, NULL, 8, '2018-06-14', 1),
(25, 15, '1000000000000018', '2018-01-04 06:33:50', NULL, 0, NULL, 8, '2018-03-22', 0),
(26, 15, '1000000000000019', '2017-12-03 06:36:07', '2018-01-10 05:59:35', 3, NULL, 9, '2018-04-19', 1),
(27, 15, '1000000000000020', '2018-01-04 06:39:02', NULL, 0, NULL, 8, '2018-04-29', 0),
(28, 15, '1000000000000021', '2018-01-04 06:41:46', NULL, 0, NULL, 10, '2018-03-31', 0),
(29, 15, '1000000000000022', '2018-01-04 06:43:42', NULL, 0, NULL, 7, '2018-04-27', 0),
(30, 15, '1000000000000023', '2018-01-04 06:47:37', NULL, 0, NULL, 9, '2018-04-25', 0),
(31, 15, '1000000000000024', '2018-01-04 06:49:30', NULL, 0, NULL, 10, '2018-04-19', 0),
(32, 15, '1000000000000025', '2018-01-04 06:51:25', NULL, 0, NULL, 8, '2018-04-30', 0),
(33, 15, '1000000000000026', '2017-12-01 06:53:20', '2018-01-10 06:04:34', 3, NULL, 7, '2018-05-17', 1),
(34, 15, '1000000000000027', '2017-12-24 06:55:51', '2018-01-10 05:59:59', 3, NULL, 7, '2018-05-23', 1),
(35, 15, '1000000000000028', '2017-12-10 06:58:58', '2018-01-10 06:01:39', 3, NULL, 7, '2018-06-21', 1),
(36, 15, '1000000000000029', '2018-01-04 07:00:54', NULL, 0, NULL, 6, '2018-06-16', 0),
(37, 15, '1000000000000030', '2018-01-04 07:02:48', NULL, 0, NULL, 8, '2018-06-06', 0),
(38, 15, '1000000000000031', '2018-01-04 07:04:29', NULL, 0, NULL, 9, '2018-06-29', 0),
(39, 15, '1000000000000032', '2018-01-04 07:06:12', '2018-01-10 06:05:38', 3, NULL, 10, '2018-06-13', 1),
(40, 7, '3000000000000001', '2018-01-05 06:35:04', NULL, 0, NULL, 8, '2018-02-03', 0),
(41, 7, '3000000000000002', '2018-01-28 06:39:26', '2018-01-10 06:01:29', 3, NULL, 12, '2018-01-04', 1),
(42, 7, '3000000000000003', '2018-01-05 06:43:09', NULL, 0, NULL, 12, '2018-01-08', 0),
(43, 7, '3000000000000004', '2017-12-29 06:46:09', '2018-01-10 06:02:46', 3, NULL, 10, '2018-01-09', 1),
(44, 7, '3000000000000005', '2018-01-05 06:50:17', NULL, 0, NULL, 8, '2018-01-18', 0),
(45, 7, '3000000000000006', '2018-01-08 06:53:02', '2018-01-10 06:01:50', 3, NULL, 10, '2018-01-17', 1),
(46, 7, '3000000000000007', '2018-01-05 06:55:55', '2018-01-10 06:05:47', 3, NULL, 8, '2018-01-20', 1),
(47, 7, '3000000000000008', '2018-01-05 06:58:29', NULL, 0, NULL, 10, '2018-02-06', 0),
(48, 7, '3000000000000009', '2017-12-05 07:00:56', '2018-01-10 05:59:46', 3, NULL, 10, '2018-02-13', 1),
(49, 7, '3000000000000010', '2017-12-16 07:03:37', '2018-01-10 06:05:14', 3, NULL, 12, '2018-01-01', 1),
(50, 7, '3000000000000011', '2017-12-05 07:07:01', '2018-01-10 06:05:27', 3, NULL, 8, '2018-02-22', 1),
(51, 7, '3000000000000012', '2018-01-05 07:09:34', '2018-01-10 06:05:03', 3, NULL, 12, '2018-02-23', 1),
(52, 7, '3000000000000013', '2018-01-05 07:12:14', '2018-01-10 06:04:52', 3, NULL, 12, '2018-02-28', 1),
(53, 7, '3000000000000014', '2018-01-05 07:15:02', '2018-01-10 06:04:43', 3, NULL, 10, '2018-02-23', 1),
(54, 7, '3000000000000015', '2018-01-05 07:18:00', '2018-01-10 06:04:00', 3, NULL, 8, '2018-03-14', 1),
(55, 7, '3000000000000016', '2018-01-05 07:20:20', '2018-01-10 06:03:38', 3, NULL, 10, '2018-03-22', 1),
(56, 7, '3000000000000017', '2018-01-05 07:23:01', '2018-01-10 06:03:27', 3, NULL, 10, '2018-03-29', 1),
(57, 7, '3000000000000018', '2018-01-05 07:25:26', '2018-01-10 06:02:56', 3, NULL, 8, '2018-03-31', 1),
(58, 7, '3000000000000019', '2018-01-05 07:27:59', '2018-01-10 06:02:04', 3, NULL, 12, '2018-03-21', 1),
(59, 7, '3000000000000020', '2018-01-05 07:30:37', '2018-01-10 06:03:07', 3, NULL, 12, '2018-05-30', 1),
(60, 7, '3000000000000021', '2018-01-05 07:33:21', NULL, 0, NULL, 10, '2018-05-31', 0),
(61, 16, '1100000000000001', '2018-01-12 07:05:12', NULL, 0, NULL, 20, '2018-01-02', 0),
(62, 16, '1100000000000002', '2018-01-12 07:08:09', NULL, 0, NULL, 30, '2017-12-26', 0),
(63, 16, '1100000000000003', '2018-01-12 07:10:28', NULL, 0, NULL, 20, '2018-01-31', 0),
(64, 16, '1100000000000004', '2018-01-12 07:13:28', NULL, 0, NULL, 10, '2018-03-14', 0),
(65, 16, '1100000000000005', '2018-01-12 07:15:37', NULL, 0, NULL, 6, '2018-04-17', 0),
(66, 16, '1100000000000006', '2018-01-12 07:17:38', NULL, 0, NULL, 10, '2018-03-31', 0),
(67, 16, '1100000000000007', '2018-01-12 07:20:21', NULL, 0, NULL, 12, '2018-03-24', 0),
(68, 16, '1100000000000008', '2018-01-13 01:03:11', NULL, 0, NULL, 10, '2018-04-27', 0),
(69, 16, '1100000000000009', '2018-01-13 01:05:11', NULL, 0, NULL, 8, '2018-05-05', 0),
(70, 7, '3000000000000022', '2018-01-13 01:13:54', NULL, 0, NULL, 8, '2018-02-28', 0),
(71, 7, '3000000000000023', '2018-01-13 01:16:10', NULL, 0, NULL, 12, '2018-02-06', 0),
(72, 14, '9000000000000001', '2018-01-13 01:31:10', NULL, 0, NULL, 8, '2018-03-31', 0),
(73, 14, '9000000000000002', '2018-01-13 01:33:05', NULL, 0, NULL, 6, '2018-04-30', 0),
(74, 14, '9000000000000003', '2018-01-13 01:35:05', NULL, 0, NULL, 5, '2018-05-31', 0),
(75, 14, '9000000000000004', '2018-01-13 01:37:36', NULL, 0, NULL, 9, '2018-04-18', 0),
(76, 14, '9000000000000005', '2018-01-13 01:57:07', NULL, 0, NULL, 9, '2018-04-30', 0),
(77, 14, '9000000000000006', '2018-01-13 01:59:08', NULL, 0, NULL, 9, '2018-04-26', 0),
(78, 14, '9000000000000007', '2018-01-13 02:01:17', NULL, 0, NULL, 9, '2018-04-24', 0),
(79, 14, '9000000000000008', '2018-01-13 02:02:58', NULL, 0, NULL, 9, '2018-05-04', 0),
(80, 14, '9000000000000009', '2018-01-13 02:04:49', NULL, 0, NULL, 6, '2018-05-24', 0),
(81, 14, '9000000000000010', '2018-01-13 02:07:47', NULL, 0, NULL, 8, '2018-04-26', 0),
(82, 14, '9000000000000011', '2018-01-13 02:09:36', NULL, 0, NULL, 4, '2018-06-12', 0),
(83, 14, '9000000000000012', '2018-01-13 02:11:51', NULL, 0, NULL, 12, '2018-03-18', 0),
(84, 14, '9000000000000013', '2018-01-13 02:13:51', NULL, 0, NULL, 12, '2018-04-04', 0),
(85, 14, '9000000000000014', '2018-01-13 02:15:50', NULL, 0, NULL, 6, '2018-05-31', 0),
(86, 14, '9000000000000015', '2018-01-13 02:18:17', NULL, 0, NULL, 6, '2018-05-07', 0),
(87, 14, '9000000000000016', '2018-01-13 02:20:26', NULL, 0, NULL, 12, '2018-04-03', 0),
(88, 14, '9000000000000017', '2018-01-13 02:34:37', NULL, 0, NULL, 9, '2017-12-20', 0),
(89, 14, '9000000000000018', '2018-01-13 02:36:47', NULL, 0, NULL, 5, '2018-01-31', 0),
(90, 14, '9000000000000019', '2018-01-13 02:40:29', NULL, 0, NULL, 5, '2018-02-07', 0),
(91, 14, '9000000000000020', '2018-01-13 02:42:31', NULL, 0, NULL, 7, '2018-01-31', 0),
(92, 14, '9000000000000021', '2018-01-13 02:44:38', NULL, 0, NULL, 6, '2018-02-20', 0),
(93, 14, '9000000000000022', '2018-01-13 02:47:51', NULL, 0, NULL, 33, '2017-08-02', 0),
(94, 14, '9000000000000023', '2018-01-13 02:50:43', NULL, 0, NULL, 5, '2018-02-28', 0),
(95, 14, '9000000000000024', '2018-01-13 03:00:33', NULL, 0, NULL, 7, '2018-02-06', 0),
(96, 14, '9000000000000025', '2018-01-13 03:02:30', NULL, 0, NULL, 10, '2018-02-06', 0),
(97, 14, '9000000000000026', '2018-01-13 03:04:29', NULL, 0, NULL, 10, '2018-02-07', 0),
(98, 14, '9000000000000027', '2018-01-13 03:06:31', NULL, 0, NULL, 7, '2018-02-14', 0),
(99, 14, '9000000000000028', '2018-01-13 03:08:24', NULL, 0, NULL, 5, '2018-04-04', 0),
(100, 14, '9000000000000029', '2018-01-13 03:20:53', NULL, 0, NULL, 6, '2018-03-02', 0),
(101, 14, '9000000000000030', '2018-01-13 03:22:55', NULL, 0, NULL, 14, '2018-01-30', 0),
(102, 14, '9000000000000031', '2018-01-13 03:35:17', NULL, 0, NULL, 7, '2018-03-03', 0),
(103, 14, '3300998877669901', '2018-01-13 03:37:26', NULL, 0, NULL, 20, '2018-01-03', 0),
(104, 9, '6000000000000001', '2018-01-13 04:11:41', NULL, 0, NULL, 10, '2017-11-30', 0),
(105, 9, '6000000000000002', '2018-01-13 04:13:36', NULL, 0, NULL, 10, '2017-12-07', 0),
(106, 9, '6000000000000003', '2018-01-13 04:45:25', NULL, 0, NULL, 10, '2018-02-03', 0),
(107, 9, '6000000000000004', '2018-01-13 04:47:20', NULL, 0, NULL, 10, '2018-02-13', 0),
(108, 9, '6000000000000005', '2018-01-13 05:26:41', NULL, 0, NULL, 8, '2018-01-02', 0),
(109, 9, '6000000000000006', '2018-01-13 05:28:39', NULL, 0, NULL, 8, '2018-01-06', 0),
(110, 9, '6000000000000007', '2018-01-13 05:30:19', NULL, 0, NULL, 8, '2018-01-08', 0),
(111, 9, '6000000000000008', '2018-01-13 05:32:28', NULL, 0, NULL, 8, '2018-02-28', 0),
(112, 9, '6000000000000009', '2018-01-13 05:34:16', NULL, 0, NULL, 8, '2018-02-24', 0),
(113, 9, '6000000000000010', '2018-01-13 05:36:03', NULL, 0, NULL, 8, '2018-02-27', 0),
(114, 9, '6000000000000011', '2018-01-13 05:38:00', NULL, 0, NULL, 8, '2018-02-28', 0),
(115, 9, '6000000000000012', '2018-01-13 05:40:09', NULL, 0, NULL, 8, '2018-03-03', 0),
(116, 9, '6000000000000013', '2018-01-13 05:41:56', NULL, 0, NULL, 10, '2018-03-01', 0),
(117, 9, '6000000000000014', '2018-01-13 05:43:52', NULL, 0, NULL, 8, '2018-03-07', 0),
(118, 9, '6000000000000015', '2018-01-13 06:07:09', NULL, 0, NULL, 8, '2018-03-01', 0),
(119, 9, '6000000000000016', '2018-01-13 06:09:03', NULL, 0, NULL, 8, '2018-02-28', 0),
(120, 9, '6000000000000017', '2018-01-13 06:10:50', NULL, 0, NULL, 8, '2018-02-21', 0),
(121, 9, '6000000000000018', '2018-01-13 06:12:28', NULL, 0, NULL, 8, '2018-02-28', 0),
(122, 9, '6000000000000019', '2018-01-13 06:13:54', NULL, 0, NULL, 8, '2018-03-30', 0),
(123, 9, '6000000000000020', '2018-01-13 06:15:20', NULL, 0, NULL, 8, '2018-04-22', 0),
(124, 9, '6000000000000021', '2018-01-13 06:16:57', NULL, 0, NULL, 8, '2018-03-12', 0),
(125, 9, '6000000000000022', '2018-01-13 06:18:13', NULL, 0, NULL, 8, '2018-03-05', 0),
(126, 9, '6000000000000023', '2018-01-13 06:19:34', NULL, 0, NULL, 8, '2018-03-03', 0),
(127, 6, '2000000000000002', '2018-01-13 06:37:05', NULL, 0, NULL, 4, '2018-04-10', 0),
(128, 6, '2000000000000004', '2018-01-13 06:39:06', NULL, 0, NULL, 12, '2018-01-12', 0),
(129, 6, '2000000000000005', '2018-01-13 06:40:39', NULL, 0, NULL, 12, '2018-03-15', 0),
(130, 6, '2000000000000007', '2018-01-13 06:42:22', NULL, 0, NULL, 12, '2018-02-28', 0),
(131, 6, '2000000000000008', '2018-01-13 06:47:20', NULL, 0, NULL, 8, '2018-03-08', 0),
(132, 6, '2000000000000009', '2018-01-13 06:50:01', NULL, 0, NULL, 12, '2018-03-07', 0);

-- --------------------------------------------------------

--
-- Struktur dari tabel `kelahiran`
--

CREATE TABLE `kelahiran` (
  `id_kelahiran` int(5) NOT NULL,
  `id_kehamilan` int(5) NOT NULL,
  `tanggal_lahir` date NOT NULL,
  `waktu_lahir` time NOT NULL,
  `tempat_lahir` varchar(30) COLLATE utf8_unicode_ci NOT NULL,
  `lahir_by` tinyint(1) NOT NULL,
  `waktu_daftar` datetime NOT NULL DEFAULT CURRENT_TIMESTAMP,
  `daftar_by` int(2) NOT NULL
) ENGINE=MyISAM DEFAULT CHARSET=utf8 COLLATE=utf8_unicode_ci;

-- --------------------------------------------------------

--
-- Struktur dari tabel `kematian`
--

CREATE TABLE `kematian` (
  `id_kematian` int(5) NOT NULL,
  `id_kehamilan` int(5) NOT NULL,
  `tanggal_kematian` date NOT NULL,
  `penyebab` varchar(50) COLLATE utf8_unicode_ci NOT NULL,
  `waktu_daftar` datetime NOT NULL DEFAULT CURRENT_TIMESTAMP,
  `daftar_by` int(2) NOT NULL
) ENGINE=MyISAM DEFAULT CHARSET=utf8 COLLATE=utf8_unicode_ci;

-- --------------------------------------------------------

--
-- Struktur dari tabel `level`
--

CREATE TABLE `level` (
  `id_level` int(1) NOT NULL,
  `level` varchar(18) NOT NULL
) ENGINE=InnoDB DEFAULT CHARSET=latin1;

--
-- Dumping data untuk tabel `level`
--

INSERT INTO `level` (`id_level`, `level`) VALUES
(1, 'Administrator'),
(2, 'Bidan Desa'),
(3, 'Bidan Koordinator'),
(4, 'Kepala Puskesmas'),
(5, 'Staf Non-Job');

-- --------------------------------------------------------

--
-- Struktur dari tabel `pemeriksaan`
--

CREATE TABLE `pemeriksaan` (
  `id_pemeriksaan` int(6) NOT NULL,
  `id_ibu` varchar(16) NOT NULL,
  `daftar_by` int(2) NOT NULL,
  `ubah_by` int(2) NOT NULL,
  `tanggal_periksa` date DEFAULT NULL,
  `waktu_periksa` time NOT NULL,
  `waktu_daftar` datetime DEFAULT NULL,
  `waktu_ubah` datetime NOT NULL DEFAULT CURRENT_TIMESTAMP,
  `trimester` tinyint(1) NOT NULL,
  `anamnesis` text NOT NULL,
  `berat_badan` decimal(3,1) NOT NULL,
  `tinggi_badan` decimal(3,1) NOT NULL,
  `tekanan_a` varchar(3) NOT NULL,
  `tekanan_b` varchar(3) NOT NULL,
  `fundung_uterus` tinyint(1) NOT NULL,
  `lingkar_lengan` decimal(3,1) NOT NULL,
  `status_gizi` tinyint(1) NOT NULL,
  `refleksi_patella` tinyint(1) NOT NULL,
  `djj` int(3) NOT NULL,
  `kepala` tinyint(1) NOT NULL,
  `berat_janin` int(4) NOT NULL,
  `jumlah_janin` tinyint(1) NOT NULL,
  `presentasi` tinyint(1) NOT NULL,
  `status_konseling` tinyint(1) NOT NULL,
  `status_imunisasi` tinyint(1) NOT NULL,
  `status_injeksi` tinyint(1) NOT NULL,
  `status_pencatatan` tinyint(1) NOT NULL,
  `ps` varchar(4) NOT NULL,
  `hb` decimal(2,1) NOT NULL,
  `protein_urine` tinyint(1) NOT NULL,
  `gula_darah` tinyint(1) NOT NULL,
  `status_thalasemia` tinyint(1) NOT NULL,
  `status_sifilis` tinyint(1) NOT NULL,
  `hbsag` tinyint(1) NOT NULL,
  `vct` tinyint(1) NOT NULL,
  `serologi` tinyint(1) NOT NULL,
  `arv` varchar(30) DEFAULT NULL,
  `malaria` tinyint(1) NOT NULL,
  `obat` varchar(30) NOT NULL,
  `kelambu` tinyint(1) NOT NULL,
  `tb` tinyint(1) NOT NULL,
  `obat2` varchar(30) NOT NULL,
  `hdk` tinyint(1) NOT NULL,
  `abortus` tinyint(1) NOT NULL,
  `pendarahan` tinyint(1) NOT NULL,
  `infeksi` tinyint(1) NOT NULL,
  `kpd` tinyint(1) NOT NULL,
  `lain_lain` text,
  `status_resiko` tinyint(1) NOT NULL DEFAULT '0',
  `status_bpjs` tinyint(1) DEFAULT NULL,
  `status_verifikasi` tinyint(1) NOT NULL DEFAULT '0',
  `catatan` text
) ENGINE=InnoDB DEFAULT CHARSET=latin1;

--
-- Dumping data untuk tabel `pemeriksaan`
--

INSERT INTO `pemeriksaan` (`id_pemeriksaan`, `id_ibu`, `daftar_by`, `ubah_by`, `tanggal_periksa`, `waktu_periksa`, `waktu_daftar`, `waktu_ubah`, `trimester`, `anamnesis`, `berat_badan`, `tinggi_badan`, `tekanan_a`, `tekanan_b`, `fundung_uterus`, `lingkar_lengan`, `status_gizi`, `refleksi_patella`, `djj`, `kepala`, `berat_janin`, `jumlah_janin`, `presentasi`, `status_konseling`, `status_imunisasi`, `status_injeksi`, `status_pencatatan`, `ps`, `hb`, `protein_urine`, `gula_darah`, `status_thalasemia`, `status_sifilis`, `hbsag`, `vct`, `serologi`, `arv`, `malaria`, `obat`, `kelambu`, `tb`, `obat2`, `hdk`, `abortus`, `pendarahan`, `infeksi`, `kpd`, `lain_lain`, `status_resiko`, `status_bpjs`, `status_verifikasi`, `catatan`) VALUES
(1, '3300998877665503', 2, 3, '2016-12-08', '03:40:20', '2016-12-26 20:11:25', '2017-11-19 06:53:11', 1, 'Mual', '50.0', '99.9', '100', '90', 0, '30.0', 0, 0, 60, 0, 200, 0, 0, 0, 0, 0, 0, '0', '9.9', 0, 0, 0, 0, 0, 0, 0, NULL, 0, '', 0, 0, '', 0, 0, 0, 0, 0, '', 1, NULL, 0, ''),
(3, '3300998817262206', 6, 3, '2016-12-31', '03:40:30', '2016-12-31 00:00:00', '2017-11-19 06:53:57', 1, '', '54.0', '99.9', '100', '90', 0, '16.0', 0, 0, 0, 2, 1, 2, 0, 0, 0, 0, 0, '0', '9.9', 0, 0, 0, 1, 0, 0, 0, NULL, 0, '', 0, 0, '', 0, 0, 0, 0, 0, NULL, 0, NULL, 1, ''),
(4, '3300998877665501', 2, 3, '2017-02-08', '03:50:20', '2017-02-08 00:00:00', '2017-11-19 06:54:04', 1, '', '60.0', '99.9', '120', '90', 0, '20.0', 0, 0, 0, 0, 50, 2, 0, 0, 0, 1, 0, '0', '9.9', 0, 0, 0, 0, 0, 0, 0, NULL, 0, '', 0, 0, '', 0, 0, 0, 0, 0, NULL, 0, 1, 1, ''),
(5, '3300998877662201', 6, 3, '2017-04-05', '19:00:00', '2017-02-27 12:01:50', '2017-11-19 06:54:14', 2, 'bla bla', '48.0', '99.9', '110', '90', 0, '24.0', 0, 0, 30, 0, 290, 0, 0, 0, 0, 0, 0, '5', '9.9', 0, 0, 0, 0, 0, 0, 0, '', 0, '', 0, 0, '', 0, 0, 0, 0, 0, '', 1, 0, 2, 'cek lagi ya bu'),
(11, '3300998817262206', 6, 3, '2017-02-27', '00:00:00', '2017-02-27 03:20:36', '2017-11-19 06:53:26', 2, 'mual', '50.0', '99.9', '100', '90', 0, '24.0', 0, 0, 30, 0, 40, 0, 0, 0, 0, 0, 0, '0', '8.0', 0, 0, 0, 0, 0, 0, 0, NULL, 0, '', 0, 0, '', 0, 0, 0, 0, 0, '', 1, 0, 1, ''),
(12, '2000000000000006', 6, 3, '2017-04-19', '00:15:00', '2017-12-24 04:21:17', '2018-01-10 06:02:32', 1, '', '49.0', '99.9', '90', '60', 0, '26.0', 0, 0, 0, 0, 1, 0, 2, 0, 0, 0, 0, '60', '9.9', 0, 0, 0, 0, 0, 0, 0, '', 0, '', 0, 0, '', 0, 0, 0, 0, 0, '', 0, 0, 1, NULL),
(13, '2000000000000001', 6, 3, '2017-12-04', '07:00:00', '2017-12-24 04:25:38', '2017-12-24 05:12:42', 1, '', '49.0', '99.9', '100', '60', 0, '25.0', 0, 0, 0, 0, 0, 0, 2, 0, 0, 0, 0, '0', '9.9', 0, 0, 0, 0, 0, 0, 0, '', 0, '', 0, 0, '', 0, 0, 0, 0, 0, '', 0, 0, 1, NULL),
(14, '2000000000000003', 6, 3, '2017-07-12', '06:00:00', '2017-12-24 04:35:04', '2018-01-10 06:02:18', 1, '', '51.0', '99.9', '120', '70', 0, '26.0', 0, 0, 1, 2, 1, 2, 2, 0, 0, 0, 0, '1', '9.9', 0, 0, 0, 0, 0, 0, 0, '', 0, '', 1, 0, '', 0, 0, 0, 0, 0, '', 0, 0, 1, NULL),
(15, '1000000000000001', 15, 3, '2017-06-30', '08:28:00', '2018-01-04 12:58:00', '2018-01-10 06:00:07', 1, '', '70.0', '99.9', '110', '70', 0, '28.0', 0, 0, 0, 2, 0, 2, 2, 1, 0, 0, 0, '30', '9.9', 0, 0, 0, 0, 0, 0, 0, '', 0, '', 0, 0, '', 0, 0, 0, 0, 0, '', 0, 0, 1, NULL),
(16, '1000000000000002', 15, 0, '2017-06-07', '09:20:00', '2018-01-04 01:06:16', '2018-01-04 19:06:16', 1, '', '74.8', '99.9', '120', '70', 0, '31.0', 0, 0, 0, 2, 0, 2, 2, 0, 1, 1, 0, '30', '9.9', 0, 0, 0, 0, 0, 0, 0, '', 0, '', 0, 0, '', 0, 0, 0, 0, 0, '', 0, 0, 0, NULL),
(17, '1000000000000003', 15, 0, '2017-07-10', '10:10:00', '2018-01-04 05:23:19', '2018-01-04 23:23:19', 1, '', '60.0', '99.9', '120', '70', 0, '24.0', 0, 0, 0, 2, 0, 2, 2, 0, 1, 1, 0, '30', '9.9', 0, 0, 0, 0, 0, 0, 0, '', 0, '', 0, 0, '', 0, 0, 0, 0, 0, '', 0, 0, 0, NULL),
(18, '1000000000000004', 15, 0, '2017-07-11', '09:05:00', '2018-01-04 05:27:19', '2018-01-04 23:27:20', 1, 'Pusing', '43.0', '99.9', '95', '60', 0, '0.0', 1, 0, 0, 2, 0, 2, 2, 0, 1, 1, 0, '30', '9.9', 0, 0, 0, 0, 0, 0, 0, '', 0, '', 0, 0, '', 0, 0, 0, 0, 0, '', 0, 0, 0, NULL),
(19, '1000000000000005', 15, 0, '2017-07-12', '11:31:00', '2018-01-04 05:32:13', '2018-01-04 23:32:13', 1, '', '63.2', '99.9', '100', '70', 0, '29.0', 0, 0, 0, 2, 0, 2, 2, 0, 1, 1, 0, '30', '9.9', 0, 0, 0, 0, 0, 0, 0, '', 0, '', 0, 0, '', 0, 0, 0, 0, 0, '', 0, 0, 0, NULL),
(20, '1000000000000006', 15, 0, '2017-07-13', '14:00:00', '2018-01-04 05:36:11', '2018-01-04 23:36:11', 1, '', '40.5', '99.9', '100', '70', 0, '19.0', 1, 0, 0, 2, 0, 2, 2, 0, 1, 1, 0, '30', '9.9', 0, 0, 0, 0, 0, 0, 0, '', 0, '', 0, 0, '', 0, 0, 0, 0, 0, '', 0, 0, 0, NULL),
(21, '1000000000000007', 15, 0, '2017-07-15', '09:08:00', '2018-01-04 05:39:58', '2018-01-04 23:39:59', 1, '', '45.0', '99.9', '110', '70', 0, '23.0', 1, 0, 0, 2, 0, 2, 2, 1, 1, 1, 1, '30', '9.9', 0, 0, 0, 0, 0, 0, 0, '', 0, '', 0, 0, '', 0, 0, 0, 0, 0, '', 0, 1, 0, NULL),
(22, '1000000000000008', 15, 0, '2017-07-20', '17:05:00', '2018-01-04 05:45:19', '2018-01-04 23:45:19', 1, '', '52.0', '99.9', '110', '70', 0, '27.0', 0, 0, 0, 2, 0, 2, 2, 0, 1, 1, 0, '30', '9.7', 0, 0, 0, 0, 0, 0, 0, '', 0, '', 0, 0, '', 0, 0, 0, 0, 0, '', 1, 1, 0, NULL),
(23, '1000000000000009', 15, 0, '2017-08-25', '18:30:00', '2018-01-04 05:51:08', '2018-01-04 23:51:09', 1, '', '65.0', '99.9', '120', '70', 0, '28.0', 0, 0, 0, 2, 0, 2, 2, 0, 1, 1, 0, '30', '9.9', 0, 0, 0, 0, 0, 0, 0, '', 0, '', 0, 0, '', 0, 0, 0, 0, 0, '', 0, 0, 0, NULL),
(24, '1000000000000010', 15, 0, '2017-08-03', '09:45:00', '2018-01-04 05:54:37', '2018-01-04 23:54:37', 1, '', '61.7', '99.9', '120', '70', 0, '26.0', 0, 0, 0, 2, 0, 2, 2, 0, 1, 1, 0, '30', '9.9', 0, 0, 0, 0, 0, 0, 0, '', 0, '', 0, 0, '', 0, 0, 0, 0, 0, '', 0, 0, 0, NULL),
(25, '1000000000000011', 15, 0, '2017-08-05', '09:15:00', '2018-01-04 06:01:50', '2018-01-05 00:01:50', 1, '', '76.0', '99.9', '103', '70', 0, '31.0', 0, 0, 0, 2, 0, 2, 2, 0, 1, 1, 0, '30', '9.9', 0, 0, 0, 0, 0, 0, 0, '', 0, '', 0, 0, '', 0, 0, 0, 0, 0, '', 0, 0, 0, NULL),
(26, '1000000000000012', 15, 3, '2017-08-12', '10:10:00', '2018-01-04 06:05:53', '2018-01-10 06:04:13', 1, '', '62.9', '99.9', '100', '60', 0, '27.0', 0, 0, 0, 2, 0, 2, 2, 0, 1, 1, 0, '30', '9.9', 0, 0, 0, 0, 0, 0, 0, '', 0, '', 0, 0, '', 0, 0, 0, 0, 0, '', 0, 0, 1, NULL),
(27, '1000000000000013', 15, 0, '2017-08-15', '08:45:00', '2018-01-04 06:09:11', '2018-01-05 00:09:11', 1, '', '50.9', '99.9', '97', '70', 0, '24.0', 0, 0, 0, 2, 0, 2, 2, 0, 1, 1, 0, '30', '9.9', 0, 0, 0, 0, 0, 0, 0, '', 0, '', 0, 0, '', 0, 0, 0, 0, 0, '', 1, 0, 0, NULL),
(28, '1000000000000014', 15, 0, '2017-08-18', '12:30:00', '2018-01-04 06:13:39', '2018-01-05 00:13:39', 1, '', '53.5', '99.9', '110', '70', 0, '24.0', 0, 0, 0, 2, 0, 2, 2, 0, 1, 1, 0, '30', '9.9', 0, 0, 0, 0, 0, 0, 0, '', 0, '', 0, 0, '', 0, 0, 0, 0, 0, '', 0, 0, 0, NULL),
(29, '1000000000000015', 15, 0, '2017-08-19', '11:20:00', '2018-01-04 06:17:10', '2018-01-05 00:17:10', 1, '', '54.0', '99.9', '110', '70', 0, '25.0', 0, 0, 0, 2, 0, 2, 2, 0, 1, 1, 0, '30', '9.9', 0, 0, 0, 0, 0, 0, 0, '', 0, '', 0, 0, '', 0, 0, 0, 0, 0, '', 1, 0, 0, NULL),
(30, '1000000000000016', 15, 0, '2017-09-21', '09:22:00', '2018-01-04 06:19:52', '2018-01-05 00:19:53', 1, '', '53.0', '99.9', '100', '70', 0, '23.0', 0, 0, 0, 2, 0, 2, 2, 0, 1, 1, 0, '30', '9.9', 0, 0, 0, 0, 0, 0, 0, '', 0, '', 0, 0, '', 0, 0, 0, 0, 0, '', 0, 0, 0, NULL),
(31, '1000000000000017', 15, 3, '2017-08-23', '08:00:00', '2018-01-04 06:30:07', '2018-01-10 06:01:22', 1, 'Mual', '55.0', '99.9', '110', '70', 0, '27.0', 0, 0, 0, 2, 0, 2, 2, 0, 1, 1, 0, '30', '9.9', 0, 0, 0, 0, 0, 0, 0, '', 0, '', 0, 0, '', 0, 0, 0, 0, 0, '', 0, 0, 1, NULL),
(32, '1000000000000018', 15, 0, '2017-08-25', '12:00:00', '2018-01-04 06:33:50', '2018-01-05 00:33:50', 1, 'Mual', '63.4', '99.9', '107', '70', 0, '28.0', 0, 0, 0, 2, 0, 2, 2, 0, 1, 1, 0, '30', '9.9', 0, 0, 0, 0, 0, 0, 0, '', 0, '', 0, 0, '', 0, 0, 0, 0, 0, '', 1, 0, 0, NULL),
(33, '1000000000000019', 15, 3, '2017-09-02', '08:56:00', '2018-01-04 06:36:07', '2018-01-10 05:59:35', 1, '', '61.0', '99.9', '110', '70', 0, '29.0', 0, 0, 0, 2, 0, 2, 2, 0, 1, 1, 0, '30', '9.9', 0, 0, 0, 0, 0, 0, 0, '', 0, '', 0, 0, '', 0, 0, 0, 0, 0, '', 0, 0, 1, NULL),
(34, '1000000000000020', 15, 0, '2017-09-05', '09:08:00', '2018-01-04 06:39:02', '2018-01-05 00:39:02', 1, 'Pusing', '60.7', '99.9', '110', '70', 0, '30.0', 0, 0, 0, 2, 0, 2, 2, 0, 1, 1, 0, '30', '9.9', 0, 0, 0, 0, 0, 0, 0, '', 0, '', 0, 0, '', 0, 0, 0, 0, 0, '', 1, 0, 0, NULL),
(35, '1000000000000021', 15, 0, '2017-09-11', '12:30:00', '2018-01-04 06:41:46', '2018-01-05 00:41:46', 1, 'Pusing', '59.5', '99.9', '110', '70', 0, '29.0', 0, 0, 0, 2, 0, 2, 2, 0, 1, 1, 0, '30', '9.9', 0, 0, 0, 0, 0, 0, 0, '', 0, '', 0, 0, '', 0, 0, 0, 0, 0, '', 1, 0, 0, NULL),
(36, '1000000000000022', 15, 0, '2017-09-12', '16:45:00', '2018-01-04 06:43:42', '2018-01-05 00:43:42', 1, 'Mual', '57.0', '99.9', '110', '70', 0, '30.0', 0, 0, 0, 2, 0, 2, 2, 0, 1, 1, 0, '30', '9.9', 0, 0, 0, 0, 0, 0, 0, '', 0, '', 0, 0, '', 0, 0, 0, 0, 0, '', 1, 0, 0, NULL),
(37, '1000000000000023', 15, 0, '2017-09-15', '09:45:00', '2018-01-04 06:47:37', '2018-01-05 00:47:37', 1, '', '55.0', '99.9', '110', '70', 0, '30.0', 0, 0, 0, 2, 0, 2, 2, 0, 1, 1, 0, '30', '9.9', 0, 0, 0, 0, 0, 0, 0, '', 0, '', 0, 0, '', 0, 0, 0, 0, 0, '', 1, 0, 0, NULL),
(38, '1000000000000024', 15, 0, '2017-09-21', '19:45:00', '2018-01-04 06:49:30', '2018-01-05 00:49:30', 1, 'Mual', '56.0', '99.9', '110', '70', 0, '27.0', 0, 0, 0, 2, 0, 2, 2, 0, 1, 1, 0, '30', '9.9', 0, 0, 0, 0, 0, 0, 0, '', 0, '', 0, 0, '', 0, 0, 0, 0, 0, '', 1, 0, 0, NULL),
(39, '1000000000000025', 15, 0, '2017-09-25', '07:45:00', '2018-01-04 06:51:25', '2018-01-05 00:51:25', 1, 'Pusing', '58.0', '99.9', '110', '70', 0, '27.0', 0, 0, 0, 2, 0, 2, 2, 0, 1, 1, 0, '30', '9.9', 0, 0, 0, 0, 0, 0, 0, '', 0, '', 0, 0, '', 0, 0, 0, 0, 0, '', 1, 0, 0, NULL),
(40, '1000000000000026', 15, 3, '2017-09-27', '15:43:00', '2018-01-04 06:53:20', '2018-01-10 06:04:34', 1, '', '59.0', '99.9', '110', '70', 0, '24.0', 0, 0, 0, 2, 0, 2, 2, 0, 1, 1, 0, '30', '9.9', 0, 0, 0, 0, 0, 0, 0, '', 0, '', 0, 0, '', 0, 0, 0, 0, 0, '', 0, 0, 1, NULL),
(41, '1000000000000027', 15, 3, '2017-09-29', '13:45:00', '2018-01-04 06:55:51', '2018-01-10 05:59:59', 1, 'Mual, Pusing', '53.9', '99.9', '107', '70', 0, '23.0', 0, 0, 0, 2, 0, 2, 2, 0, 1, 1, 0, '30', '9.9', 0, 0, 0, 0, 0, 0, 0, '', 0, '', 0, 0, '', 0, 0, 0, 0, 0, '', 0, 1, 1, NULL),
(42, '1000000000000028', 15, 3, '2017-11-01', '09:56:00', '2018-01-04 06:58:58', '2018-01-10 06:01:39', 1, '', '57.6', '99.9', '115', '70', 0, '28.0', 0, 0, 0, 2, 0, 2, 2, 0, 1, 1, 0, '32', '9.9', 0, 0, 0, 0, 0, 0, 0, '', 0, '', 0, 0, '', 0, 0, 0, 0, 0, '', 1, 0, 1, NULL),
(43, '1000000000000029', 15, 0, '2017-11-03', '11:23:00', '2018-01-04 07:00:54', '2018-01-05 01:00:54', 1, '', '71.0', '99.9', '110', '70', 0, '30.0', 0, 0, 0, 2, 0, 2, 2, 0, 1, 1, 0, '30', '9.9', 0, 0, 0, 0, 0, 0, 0, '', 0, '', 0, 0, '', 0, 0, 0, 0, 0, '', 1, 0, 0, NULL),
(44, '1000000000000030', 15, 0, '2017-11-05', '11:22:00', '2018-01-04 07:02:48', '2018-01-05 01:02:48', 1, '', '68.0', '99.9', '100', '70', 0, '27.0', 0, 0, 0, 2, 0, 2, 2, 0, 1, 1, 0, '30', '9.9', 0, 0, 0, 0, 0, 0, 0, '', 0, '', 0, 0, '', 0, 0, 0, 0, 0, '', 1, 0, 0, NULL),
(45, '1000000000000031', 15, 0, '2017-11-13', '13:25:00', '2018-01-04 07:04:29', '2018-01-05 01:04:29', 1, '', '70.0', '99.9', '120', '70', 0, '27.0', 0, 0, 0, 2, 0, 2, 2, 0, 1, 1, 0, '30', '9.9', 0, 0, 0, 0, 0, 0, 0, '', 0, '', 0, 0, '', 0, 0, 0, 0, 0, '', 1, 0, 0, NULL),
(46, '1000000000000032', 15, 3, '2017-11-15', '18:35:00', '2018-01-04 07:06:12', '2018-01-10 06:05:38', 1, '', '57.0', '99.9', '120', '70', 0, '28.0', 0, 0, 0, 2, 0, 2, 2, 0, 1, 1, 0, '30', '9.9', 0, 0, 0, 0, 0, 0, 0, '', 0, '', 0, 0, '', 0, 0, 0, 0, 0, '', 0, 0, 1, NULL),
(47, '3000000000000001', 7, 0, '2017-06-24', '09:30:00', '2018-01-05 06:35:04', '2018-01-06 00:35:04', 1, 'Mual', '45.0', '99.9', '120', '80', 0, '22.0', 1, 0, 0, 2, 0, 0, 2, 0, 0, 1, 0, '30', '9.9', 0, 0, 0, 0, 0, 0, 0, '', 0, '', 0, 0, '', 0, 0, 0, 0, 0, '', 1, 0, 0, NULL),
(48, '3000000000000002', 7, 3, '2017-06-24', '10:00:00', '2018-01-05 06:39:26', '2018-01-10 06:01:29', 1, 'Mual', '43.0', '99.9', '100', '60', 0, '23.0', 1, 0, 0, 2, 0, 0, 2, 0, 0, 1, 0, '30', '9.9', 0, 0, 0, 0, 0, 0, 0, '', 0, '', 0, 0, '', 0, 0, 0, 0, 0, '', 1, 0, 1, NULL),
(49, '3000000000000003', 7, 0, '2017-06-24', '10:15:00', '2018-01-05 06:43:09', '2018-01-06 00:43:09', 1, 'mual', '56.0', '99.9', '100', '60', 0, '26.0', 0, 0, 0, 2, 0, 0, 2, 0, 0, 1, 0, '30', '9.9', 0, 0, 0, 0, 0, 0, 0, '', 0, '', 0, 0, '', 0, 0, 0, 0, 0, '', 1, 0, 0, NULL),
(50, '3000000000000004', 7, 3, '2017-06-24', '10:30:00', '2018-01-05 06:46:09', '2018-01-10 06:02:46', 1, 'mual', '40.0', '99.9', '120', '80', 0, '23.0', 1, 0, 0, 2, 0, 0, 2, 0, 0, 1, 0, '30', '9.9', 0, 0, 0, 0, 0, 0, 0, '', 0, '', 0, 0, '', 0, 0, 0, 0, 0, '', 0, 0, 1, NULL),
(51, '3000000000000005', 7, 0, '2017-06-24', '10:45:00', '2018-01-05 06:50:17', '2018-01-06 00:50:17', 1, 'mual', '46.0', '99.9', '110', '70', 0, '24.0', 0, 0, 0, 2, 0, 0, 2, 0, 0, 1, 0, '30', '9.9', 0, 0, 0, 0, 0, 0, 0, '', 0, '', 0, 0, '', 0, 0, 0, 0, 0, '', 1, 0, 0, NULL),
(52, '3000000000000006', 7, 3, '2017-06-24', '11:00:00', '2018-01-05 06:53:02', '2018-01-10 06:01:50', 1, 'Mual', '46.0', '99.9', '100', '60', 0, '24.0', 0, 0, 0, 2, 0, 0, 2, 0, 0, 1, 0, '30', '9.9', 0, 0, 0, 0, 0, 0, 0, '', 0, '', 0, 0, '', 0, 0, 0, 0, 0, '', 1, 0, 1, NULL),
(53, '3000000000000007', 7, 3, '2017-06-24', '11:15:00', '2018-01-05 06:55:55', '2018-01-10 06:05:47', 1, 'Mual', '46.0', '99.9', '110', '70', 0, '25.0', 0, 0, 0, 2, 0, 0, 2, 0, 0, 1, 0, '30', '9.9', 0, 0, 0, 0, 0, 0, 0, '', 0, '', 0, 0, '', 0, 0, 0, 0, 0, '', 0, 0, 1, NULL),
(54, '3000000000000008', 7, 0, '2017-08-24', '09:00:00', '2018-01-05 06:58:29', '2018-01-06 00:58:29', 1, 'Mual', '50.0', '99.9', '120', '80', 0, '26.0', 0, 0, 0, 2, 0, 0, 2, 0, 0, 1, 0, '30', '9.9', 0, 0, 0, 0, 0, 0, 0, '', 0, '', 0, 0, '', 0, 0, 0, 0, 0, '', 1, 0, 0, NULL),
(55, '3000000000000009', 7, 3, '2017-08-24', '09:30:00', '2018-01-05 07:00:56', '2018-01-10 05:59:46', 1, 'Mual', '43.0', '99.9', '100', '60', 0, '21.0', 1, 0, 0, 2, 0, 0, 2, 0, 0, 1, 0, '30', '9.9', 0, 0, 0, 0, 0, 0, 0, '', 0, '', 0, 0, '', 0, 0, 0, 0, 0, '', 0, 0, 1, NULL),
(56, '3000000000000010', 7, 3, '2017-08-24', '09:45:00', '2018-01-05 07:03:37', '2018-01-10 06:05:14', 1, 'Mual', '44.0', '99.9', '110', '70', 0, '23.0', 1, 0, 0, 2, 0, 0, 2, 0, 0, 1, 0, '30', '9.9', 0, 0, 0, 0, 0, 0, 0, '', 0, '', 0, 0, '', 0, 0, 0, 0, 0, '', 0, 0, 1, NULL),
(57, '3000000000000011', 7, 3, '2017-07-24', '10:00:00', '2018-01-05 07:07:01', '2018-01-10 06:05:27', 1, 'mual', '48.0', '99.9', '120', '80', 0, '23.0', 1, 0, 0, 2, 0, 0, 2, 0, 0, 1, 0, '30', '9.9', 0, 0, 0, 0, 0, 0, 0, '', 0, '', 0, 0, '', 0, 0, 0, 0, 0, '', 0, 0, 1, NULL),
(58, '3000000000000012', 7, 3, '2017-07-24', '10:15:00', '2018-01-05 07:09:34', '2018-01-10 06:05:03', 1, 'mual', '43.0', '99.9', '110', '70', 0, '24.0', 0, 0, 10, 2, 0, 0, 2, 0, 0, 1, 0, '30', '9.9', 0, 0, 0, 0, 0, 0, 0, '', 0, '', 0, 0, '', 0, 0, 0, 0, 0, '', 0, 0, 1, NULL),
(59, '3000000000000013', 7, 3, '2017-07-24', '10:45:00', '2018-01-05 07:12:14', '2018-01-10 06:04:52', 1, 'Mual', '45.0', '99.9', '100', '60', 0, '24.0', 0, 0, 0, 2, 0, 0, 2, 0, 0, 1, 0, '30', '9.9', 0, 0, 0, 0, 0, 0, 0, '', 0, '', 0, 0, '', 0, 0, 0, 0, 0, '', 0, 0, 1, NULL),
(60, '3000000000000014', 7, 3, '2017-07-24', '11:00:00', '2018-01-05 07:15:02', '2018-01-10 06:04:43', 1, 'mual', '50.0', '99.9', '120', '79', 0, '29.0', 0, 0, 0, 2, 0, 0, 2, 0, 0, 1, 0, '30', '9.9', 0, 0, 0, 0, 0, 0, 0, '', 0, '', 0, 0, '', 0, 0, 0, 0, 0, '', 1, 0, 1, NULL),
(61, '3000000000000015', 7, 3, '2017-07-24', '11:25:00', '2018-01-05 07:18:00', '2018-01-10 06:04:00', 1, 'mual', '42.0', '99.9', '100', '60', 0, '24.0', 0, 0, 0, 2, 0, 0, 2, 0, 0, 1, 0, '30', '9.9', 0, 0, 0, 0, 0, 0, 0, '', 0, '', 0, 0, '', 0, 0, 0, 0, 0, '', 0, 0, 1, NULL),
(62, '3000000000000016', 7, 3, '2017-07-24', '11:45:00', '2018-01-05 07:20:20', '2018-01-10 06:03:38', 1, 'mual', '48.0', '99.9', '100', '60', 0, '26.0', 0, 0, 0, 2, 0, 0, 0, 0, 0, 1, 0, '30', '9.9', 0, 0, 0, 0, 0, 0, 0, '', 0, '', 0, 0, '', 0, 0, 0, 0, 0, '', 0, 0, 1, NULL),
(63, '3000000000000017', 7, 3, '2017-07-24', '11:45:00', '2018-01-05 07:23:01', '2018-01-10 06:03:27', 1, 'mual', '43.0', '99.9', '110', '70', 0, '24.0', 0, 0, 0, 2, 0, 0, 2, 0, 0, 1, 0, '30', '9.9', 0, 0, 0, 0, 0, 0, 0, '', 0, '', 0, 0, '', 0, 0, 0, 0, 0, '', 0, 0, 1, NULL),
(64, '3000000000000018', 7, 3, '2017-07-24', '12:00:00', '2018-01-05 07:25:26', '2018-01-10 06:02:56', 1, 'mual', '50.0', '99.9', '110', '70', 0, '26.0', 0, 0, 0, 2, 0, 0, 2, 0, 0, 1, 0, '30', '9.9', 0, 0, 0, 0, 0, 0, 0, '', 0, '', 0, 0, '', 0, 0, 0, 0, 0, '', 0, 0, 1, NULL),
(65, '3000000000000019', 7, 3, '2017-07-24', '12:30:00', '2018-01-05 07:27:59', '2018-01-10 06:02:04', 1, 'mual', '45.0', '99.9', '100', '60', 0, '24.0', 0, 0, 0, 2, 0, 0, 2, 0, 0, 1, 0, '30', '9.9', 0, 0, 0, 0, 0, 0, 0, '', 0, '', 0, 0, '', 0, 0, 0, 0, 0, '', 0, 0, 1, NULL),
(66, '3000000000000020', 7, 3, '2017-08-24', '09:00:00', '2018-01-05 07:30:37', '2018-01-10 06:03:16', 1, 'mual', '45.0', '99.9', '100', '60', 0, '24.0', 0, 1, 0, 2, 0, 0, 2, 0, 0, 1, 0, '30', '9.9', 0, 0, 0, 0, 0, 0, 0, '', 0, '', 0, 0, '', 0, 0, 0, 0, 0, '', 0, 0, 1, NULL),
(67, '3000000000000021', 7, 0, '2017-08-24', '09:30:00', '2018-01-05 07:33:21', '2018-01-06 01:33:21', 1, 'mual', '48.0', '99.9', '110', '60', 0, '25.0', 0, 0, 0, 2, 0, 0, 2, 0, 0, 1, 0, '30', '9.9', 0, 0, 0, 0, 0, 0, 0, '', 0, '', 0, 0, '', 0, 0, 0, 0, 0, '', 1, 0, 0, NULL),
(68, '1100000000000001', 16, 0, '2017-08-08', '10:12:00', '2018-01-12 07:05:12', '2018-01-13 01:05:12', 1, 'Mual', '55.0', '99.9', '110', '70', 0, '21.5', 1, 0, 0, 2, 0, 0, 2, 0, 1, 1, 0, '50', '9.9', 0, 0, 0, 0, 0, 0, 0, '', 0, '', 0, 0, '', 0, 0, 0, 0, 0, '', 1, 0, 0, NULL),
(69, '1100000000000002', 16, 0, '2017-08-09', '09:00:00', '2018-01-12 07:08:09', '2018-01-13 01:08:09', 2, '', '57.0', '99.9', '120', '70', 0, '24.0', 0, 0, 0, 2, 0, 0, 2, 0, 1, 1, 0, '30', '9.9', 0, 0, 0, 0, 0, 0, 0, '', 0, '', 0, 0, '', 0, 0, 0, 0, 0, '', 1, 0, 0, NULL),
(70, '1100000000000003', 16, 0, '2017-08-10', '11:20:00', '2018-01-12 07:10:28', '2018-01-13 01:10:28', 2, 'Mual', '60.0', '99.9', '110', '70', 0, '26.0', 0, 0, 0, 2, 0, 0, 2, 0, 1, 1, 0, '30', '9.9', 0, 0, 0, 0, 0, 0, 0, '', 0, '', 0, 0, '', 0, 0, 0, 0, 0, '', 1, 0, 0, NULL),
(71, '1100000000000004', 16, 0, '2017-08-12', '11:25:00', '2018-01-12 07:13:28', '2018-01-13 01:13:28', 1, 'pusing', '60.0', '99.9', '120', '70', 0, '25.0', 0, 0, 0, 2, 0, 2, 2, 0, 1, 1, 0, '30', '9.9', 0, 0, 0, 0, 0, 0, 0, '', 0, '', 0, 0, '', 0, 0, 0, 0, 0, '', 1, 0, 0, NULL),
(72, '1100000000000005', 16, 0, '2017-08-13', '16:46:00', '2018-01-12 07:15:37', '2018-01-13 01:15:38', 1, '', '58.0', '99.9', '110', '70', 0, '22.5', 1, 0, 0, 2, 0, 2, 2, 0, 1, 1, 0, '30', '9.9', 0, 0, 0, 0, 0, 0, 0, '', 0, '', 0, 0, '', 0, 0, 0, 0, 0, '', 1, 0, 0, NULL),
(73, '1100000000000006', 16, 0, '2017-08-14', '11:22:00', '2018-01-12 07:17:38', '2018-01-13 01:17:39', 1, '', '52.0', '99.9', '120', '70', 0, '21.5', 1, 0, 0, 2, 0, 2, 2, 0, 1, 1, 0, '30', '9.9', 0, 0, 0, 0, 0, 0, 0, '', 0, '', 0, 0, '', 0, 0, 0, 0, 0, '', 1, 0, 0, NULL),
(74, '1100000000000007', 16, 0, '2017-09-06', '13:23:00', '2018-01-12 07:20:21', '2018-01-13 01:20:21', 1, 'mual', '48.0', '99.9', '120', '80', 0, '24.0', 0, 0, 0, 2, 0, 2, 2, 0, 1, 1, 0, '30', '9.9', 0, 0, 0, 0, 0, 0, 0, '', 0, '', 0, 0, '', 0, 0, 0, 0, 0, '', 1, 0, 0, NULL),
(75, '1100000000000008', 16, 0, '2017-09-21', '07:44:00', '2018-01-13 01:03:11', '2018-01-13 07:03:11', 1, '', '45.0', '99.9', '110', '70', 0, '24.0', 0, 0, 0, 2, 0, 2, 2, 0, 1, 1, 0, '30', '9.9', 0, 0, 0, 0, 0, 0, 0, '', 0, '', 0, 0, '', 0, 0, 0, 0, 0, '', 1, 0, 0, NULL),
(76, '1100000000000009', 16, 0, '2017-09-25', '12:13:00', '2018-01-13 01:05:11', '2018-01-13 07:05:12', 1, '', '43.0', '99.9', '110', '70', 0, '25.0', 0, 0, 0, 2, 0, 2, 2, 0, 1, 1, 0, '30', '9.5', 0, 0, 0, 0, 0, 0, 0, '', 0, '', 0, 0, '', 0, 0, 0, 0, 0, '', 1, 0, 0, NULL),
(77, '3000000000000022', 7, 0, '2017-08-24', '08:00:00', '2018-01-13 01:13:54', '2018-01-13 07:13:54', 1, 'mual', '42.0', '99.9', '100', '60', 0, '23.0', 1, 0, 0, 2, 0, 2, 2, 0, 0, 1, 0, '30', '9.9', 0, 0, 0, 0, 0, 0, 0, '', 0, '', 0, 0, '', 0, 0, 0, 0, 0, '', 1, 0, 0, NULL),
(78, '3000000000000023', 7, 0, '2017-08-24', '09:00:00', '2018-01-13 01:16:10', '2018-01-13 07:16:10', 1, 'mual', '44.0', '99.9', '120', '80', 0, '24.0', 0, 0, 0, 2, 0, 2, 2, 0, 0, 1, 0, '30', '9.9', 0, 0, 0, 0, 0, 0, 0, '', 0, '', 0, 0, '', 0, 0, 0, 0, 0, '', 1, 0, 0, NULL),
(79, '9000000000000001', 14, 0, '2017-08-27', '07:40:00', '2018-01-13 01:31:10', '2018-01-13 07:31:10', 1, '', '50.0', '99.9', '120', '80', 0, '29.0', 0, 0, 0, 2, 0, 2, 2, 0, 0, 0, 0, '30', '9.9', 0, 0, 0, 0, 0, 0, 0, '', 0, '', 0, 0, '', 0, 0, 0, 0, 0, '', 1, 0, 0, NULL),
(80, '9000000000000002', 14, 0, '2017-08-30', '12:34:00', '2018-01-13 01:33:05', '2018-01-13 07:33:05', 1, '', '48.0', '99.9', '110', '70', 0, '26.0', 0, 0, 0, 2, 0, 2, 2, 0, 0, 0, 0, '30', '9.9', 0, 0, 0, 0, 0, 0, 0, '', 0, '', 0, 0, '', 0, 0, 0, 0, 0, '', 1, 0, 0, NULL),
(81, '9000000000000003', 14, 0, '2017-08-31', '20:00:00', '2018-01-13 01:35:05', '2018-01-13 07:35:05', 1, 'pusing', '65.0', '99.9', '120', '80', 0, '30.0', 0, 0, 0, 2, 0, 2, 2, 0, 0, 0, 0, '30', '9.9', 0, 0, 0, 0, 0, 0, 0, '', 0, '', 0, 0, '', 0, 0, 0, 0, 1, '', 1, 0, 0, NULL),
(82, '9000000000000004', 14, 0, '2017-08-31', '20:35:00', '2018-01-13 01:37:36', '2018-01-13 07:37:36', 1, 'mual', '44.0', '99.9', '90', '60', 0, '28.9', 1, 0, 0, 2, 0, 2, 2, 0, 0, 0, 0, '30', '9.9', 0, 0, 0, 0, 0, 0, 0, '', 0, '', 0, 0, '', 0, 0, 0, 0, 0, '', 1, 0, 0, NULL),
(83, '9000000000000005', 14, 0, '2017-08-31', '21:00:00', '2018-01-13 01:57:07', '2018-01-13 07:57:07', 1, '', '56.0', '99.9', '100', '60', 0, '26.0', 0, 0, 0, 2, 0, 2, 2, 0, 0, 0, 0, '30', '9.9', 0, 0, 0, 0, 0, 0, 0, '', 0, '', 0, 0, '', 0, 0, 0, 0, 0, '', 1, 0, 0, NULL),
(84, '9000000000000006', 14, 0, '2017-09-02', '07:15:00', '2018-01-13 01:59:08', '2018-01-13 07:59:08', 1, '', '48.0', '99.9', '100', '60', 0, '23.0', 1, 0, 0, 2, 0, 2, 2, 0, 0, 0, 0, '30', '9.9', 0, 0, 0, 0, 0, 0, 0, '', 0, '', 0, 0, '', 0, 0, 0, 0, 0, '', 1, 0, 0, NULL),
(85, '9000000000000007', 14, 0, '2017-09-03', '08:00:00', '2018-01-13 02:01:17', '2018-01-13 08:01:17', 1, '', '46.0', '99.9', '100', '60', 0, '20.0', 1, 0, 0, 2, 0, 2, 2, 0, 0, 0, 0, '30', '9.9', 0, 0, 0, 0, 0, 0, 0, '', 0, '', 0, 0, '', 0, 0, 0, 0, 0, '', 1, 0, 0, NULL),
(86, '9000000000000008', 14, 0, '2017-09-05', '09:00:00', '2018-01-13 02:02:58', '2018-01-13 08:02:58', 1, '', '48.0', '99.9', '110', '70', 0, '24.0', 0, 0, 0, 2, 0, 2, 2, 0, 0, 0, 0, '30', '9.9', 0, 0, 0, 0, 0, 0, 0, '', 0, '', 0, 0, '', 0, 0, 0, 0, 0, '', 1, 0, 0, NULL),
(87, '9000000000000009', 14, 0, '2017-09-08', '10:00:00', '2018-01-13 02:04:49', '2018-01-13 08:04:49', 1, '', '50.0', '99.9', '100', '60', 0, '24.0', 0, 0, 0, 2, 0, 2, 2, 0, 1, 0, 0, '30', '9.9', 0, 0, 0, 0, 0, 0, 0, '', 0, '', 0, 0, '', 0, 0, 0, 0, 0, '', 1, 0, 0, NULL),
(88, '9000000000000010', 14, 0, '2017-09-08', '11:11:00', '2018-01-13 02:07:47', '2018-01-13 08:07:47', 1, '', '52.0', '99.9', '100', '60', 0, '24.0', 0, 0, 0, 2, 0, 2, 2, 0, 0, 0, 0, '30', '9.9', 0, 0, 0, 0, 0, 0, 0, '', 0, '', 0, 0, '', 0, 0, 0, 0, 0, '', 1, 0, 0, NULL),
(89, '9000000000000011', 14, 0, '2017-09-12', '11:25:00', '2018-01-13 02:09:36', '2018-01-13 08:09:37', 1, '', '54.0', '99.9', '110', '70', 0, '24.0', 0, 0, 0, 2, 0, 2, 2, 0, 0, 0, 0, '30', '9.9', 0, 0, 0, 0, 0, 0, 0, '', 0, '', 0, 0, '', 0, 0, 0, 0, 0, '', 1, 0, 0, NULL),
(90, '9000000000000012', 14, 0, '2017-09-12', '13:03:00', '2018-01-13 02:11:51', '2018-01-13 08:11:51', 1, '', '45.0', '99.9', '110', '70', 0, '20.0', 1, 0, 0, 2, 0, 2, 2, 0, 0, 0, 0, '30', '9.9', 0, 0, 0, 0, 0, 0, 0, '', 0, '', 0, 0, '', 0, 0, 0, 0, 0, '', 1, 0, 0, NULL),
(91, '9000000000000013', 14, 0, '2017-09-15', '08:10:00', '2018-01-13 02:13:51', '2018-01-13 08:13:51', 1, '', '40.0', '99.9', '110', '60', 0, '20.5', 1, 0, 0, 2, 0, 2, 2, 0, 0, 0, 0, '30', '9.9', 0, 0, 0, 0, 0, 0, 0, '', 0, '', 0, 0, '', 0, 0, 0, 0, 0, '', 1, 0, 0, NULL),
(92, '9000000000000014', 14, 0, '2017-09-16', '07:45:00', '2018-01-13 02:15:50', '2018-01-13 08:15:50', 1, '', '57.0', '99.9', '100', '60', 0, '26.0', 0, 0, 0, 2, 0, 2, 2, 0, 0, 0, 0, '30', '9.9', 0, 0, 0, 0, 0, 0, 0, '', 0, '', 0, 0, '', 0, 0, 0, 0, 0, '', 1, 0, 0, NULL),
(93, '9000000000000015', 14, 0, '2017-09-18', '09:00:00', '2018-01-13 02:18:17', '2018-01-13 08:18:17', 1, 'mual', '41.0', '99.9', '100', '70', 0, '20.5', 1, 0, 0, 2, 0, 2, 2, 0, 0, 0, 0, '30', '9.9', 0, 0, 0, 0, 0, 0, 0, '', 0, '', 0, 0, '', 0, 0, 0, 0, 0, '', 1, 0, 0, NULL),
(94, '9000000000000016', 14, 0, '2017-09-18', '11:11:00', '2018-01-13 02:20:26', '2018-01-13 08:20:26', 1, '', '63.0', '99.9', '110', '70', 0, '24.0', 0, 0, 0, 2, 0, 2, 2, 0, 0, 0, 0, '30', '9.9', 0, 0, 0, 0, 0, 0, 0, '', 0, '', 0, 0, '', 0, 0, 0, 0, 0, '', 1, 0, 0, NULL),
(95, '9000000000000017', 14, 0, '2017-06-13', '08:00:00', '2018-01-13 02:34:37', '2018-01-13 08:34:37', 1, '', '77.0', '99.9', '110', '70', 0, '30.0', 0, 0, 0, 2, 0, 2, 2, 0, 0, 0, 0, '30', '9.9', 0, 0, 0, 0, 0, 0, 0, '', 0, '', 0, 0, '', 0, 0, 0, 0, 0, '', 1, 0, 0, NULL),
(96, '9000000000000018', 14, 0, '2017-06-18', '08:59:00', '2018-01-13 02:36:47', '2018-01-13 08:36:47', 1, 'lemas', '46.0', '99.9', '100', '60', 1, '20.0', 0, 0, 0, 2, 0, 2, 2, 0, 0, 0, 0, '30', '9.9', 0, 0, 0, 0, 0, 0, 0, '', 0, '', 0, 0, '', 0, 0, 0, 0, 0, '', 1, 0, 0, NULL),
(97, '9000000000000019', 14, 0, '2017-06-22', '09:58:00', '2018-01-13 02:40:29', '2018-01-13 08:40:29', 1, '', '52.0', '99.9', '110', '70', 0, '24.0', 0, 0, 0, 2, 0, 2, 2, 0, 0, 0, 0, '30', '9.9', 0, 0, 0, 0, 0, 0, 0, '', 0, '', 0, 0, '', 0, 0, 0, 0, 0, '', 1, 0, 0, NULL),
(98, '9000000000000020', 14, 0, '2017-07-08', '11:59:00', '2018-01-13 02:42:31', '2018-01-13 08:42:31', 1, '', '52.0', '99.9', '110', '90', 0, '22.0', 1, 0, 0, 2, 0, 2, 2, 0, 0, 0, 0, '30', '9.9', 0, 0, 0, 0, 0, 0, 0, '', 0, '', 0, 0, '', 0, 0, 0, 0, 0, '', 1, 0, 0, NULL),
(99, '9000000000000021', 14, 0, '2017-07-10', '12:00:00', '2018-01-13 02:44:38', '2018-01-13 08:44:39', 1, 'mual', '48.0', '99.9', '100', '60', 0, '22.0', 1, 0, 0, 2, 0, 2, 2, 0, 0, 0, 0, '30', '9.9', 0, 0, 0, 0, 0, 0, 0, '', 0, '', 0, 0, '', 0, 0, 0, 0, 0, '', 1, 0, 0, NULL),
(100, '9000000000000022', 14, 0, '2017-07-11', '12:50:00', '2018-01-13 02:47:51', '2018-01-13 08:47:51', 3, '', '43.0', '99.9', '110', '70', 0, '25.0', 0, 0, 141, 2, 0, 0, 0, 0, 0, 0, 0, '30', '9.9', 0, 0, 0, 0, 0, 0, 0, '', 0, '', 0, 0, '', 0, 0, 0, 0, 0, '', 1, 0, 0, NULL),
(101, '9000000000000023', 14, 0, '2017-07-13', '12:00:00', '2018-01-13 02:50:43', '2018-01-13 08:50:43', 1, 'pusing', '48.0', '99.9', '110', '70', 0, '24.0', 0, 0, 0, 2, 0, 2, 2, 0, 0, 0, 0, '30', '9.9', 0, 0, 0, 0, 0, 0, 0, '', 0, '', 0, 0, '', 0, 0, 0, 0, 0, '', 1, 0, 0, NULL),
(102, '9000000000000024', 14, 0, '2017-07-13', '13:00:00', '2018-01-13 03:00:33', '2018-01-13 09:00:33', 1, '', '38.0', '99.9', '110', '70', 0, '18.0', 1, 0, 0, 2, 0, 2, 2, 0, 0, 0, 0, '30', '9.9', 0, 0, 0, 0, 0, 0, 0, '', 0, '', 0, 0, '', 0, 0, 0, 0, 0, '', 1, 0, 0, NULL),
(103, '9000000000000025', 14, 0, '2017-07-17', '16:00:00', '2018-01-13 03:02:30', '2018-01-13 09:02:30', 1, '', '55.0', '99.9', '120', '80', 0, '28.0', 0, 0, 0, 2, 0, 2, 2, 0, 0, 0, 0, '30', '9.9', 0, 0, 0, 0, 0, 0, 0, '', 0, '', 0, 0, '', 0, 0, 0, 0, 0, '', 1, 0, 0, NULL),
(104, '9000000000000026', 14, 0, '2017-07-27', '13:00:00', '2018-01-13 03:04:29', '2018-01-13 09:04:29', 1, '', '40.0', '99.9', '120', '80', 0, '25.0', 0, 0, 0, 2, 0, 2, 2, 0, 0, 0, 0, '30', '9.9', 0, 0, 0, 0, 0, 0, 0, '', 0, '', 0, 0, '', 0, 0, 0, 0, 0, '', 1, 0, 0, NULL),
(105, '9000000000000027', 14, 0, '2017-07-27', '18:00:00', '2018-01-13 03:06:31', '2018-01-13 09:06:31', 1, 'Pusing', '44.0', '99.9', '100', '60', 0, '20.0', 1, 0, 0, 2, 0, 2, 2, 0, 0, 0, 0, '30', '9.9', 0, 0, 0, 0, 0, 0, 0, '', 0, '', 0, 0, '', 0, 0, 0, 0, 0, '', 1, 0, 0, NULL),
(106, '9000000000000028', 14, 0, '2017-08-15', '15:00:00', '2018-01-13 03:08:24', '2018-01-13 09:08:24', 1, '', '51.0', '99.9', '110', '70', 0, '24.0', 0, 0, 0, 2, 0, 2, 2, 0, 0, 0, 0, '30', '9.9', 0, 0, 0, 0, 0, 0, 0, '', 0, '', 0, 0, '', 0, 0, 0, 0, 0, '', 1, 0, 0, NULL),
(107, '9000000000000029', 14, 0, '2017-08-15', '09:00:00', '2018-01-13 03:20:53', '2018-01-13 09:20:53', 1, 'Pusing', '62.0', '99.9', '100', '60', 0, '28.0', 0, 0, 0, 2, 0, 2, 2, 0, 0, 0, 0, '30', '9.9', 0, 0, 0, 0, 0, 0, 0, '', 0, '', 0, 0, '', 0, 0, 0, 0, 0, '', 1, 0, 0, NULL),
(108, '9000000000000030', 14, 0, '2017-08-17', '16:00:00', '2018-01-13 03:22:55', '2018-01-13 09:22:55', 1, '', '55.0', '99.9', '110', '70', 0, '25.0', 0, 0, 0, 2, 0, 2, 2, 0, 0, 0, 0, '30', '9.9', 0, 0, 0, 0, 0, 0, 0, '', 0, '', 0, 0, '', 0, 0, 0, 0, 0, '', 1, 0, 0, NULL),
(109, '9000000000000031', 14, 0, '2017-08-19', '16:00:00', '2018-01-13 03:35:17', '2018-01-13 09:35:17', 1, '', '54.0', '99.9', '120', '80', 0, '28.0', 0, 0, 0, 2, 0, 2, 2, 0, 0, 0, 0, '30', '9.9', 0, 0, 0, 0, 0, 0, 0, '', 0, '', 0, 0, '', 0, 0, 0, 0, 0, '', 1, 0, 0, NULL),
(110, '3300998877669901', 14, 0, '2017-08-27', '10:01:00', '2018-01-13 03:37:26', '2018-01-13 09:37:26', 2, '', '60.0', '99.9', '110', '70', 0, '24.0', 0, 0, 0, 2, 0, 2, 2, 0, 0, 0, 0, '30', '9.9', 0, 0, 0, 0, 0, 0, 0, '', 0, '', 0, 0, '', 0, 0, 0, 0, 0, '', 1, 0, 0, NULL),
(111, '6000000000000001', 9, 0, '2017-05-25', '11:11:00', '2018-01-13 04:11:41', '2018-01-13 10:11:41', 1, 'mual', '58.0', '99.9', '110', '70', 0, '26.0', 1, 0, 0, 2, 0, 2, 2, 0, 1, 1, 0, '30', '9.9', 0, 0, 0, 0, 0, 0, 0, '', 0, '', 0, 0, '', 0, 0, 0, 0, 0, '', 1, 0, 0, NULL),
(112, '6000000000000002', 9, 0, '2017-05-28', '10:58:00', '2018-01-13 04:13:36', '2018-01-13 10:13:36', 1, '', '53.0', '99.9', '110', '70', 0, '24.0', 1, 0, 0, 2, 0, 2, 2, 0, 1, 1, 0, '30', '9.9', 0, 0, 0, 0, 0, 0, 0, '', 0, '', 0, 0, '', 0, 0, 0, 0, 0, '', 1, 0, 0, NULL),
(113, '6000000000000003', 9, 0, '2017-06-03', '11:23:00', '2018-01-13 04:45:25', '2018-01-13 10:45:26', 1, 'mual', '58.0', '99.9', '110', '70', 0, '26.0', 1, 0, 0, 2, 0, 2, 2, 0, 1, 1, 0, '30', '9.9', 0, 0, 0, 0, 0, 0, 0, '', 0, '', 0, 0, '', 0, 0, 0, 0, 0, '', 1, 0, 0, NULL),
(114, '6000000000000004', 9, 0, '2017-06-08', '09:00:00', '2018-01-13 04:47:20', '2018-01-13 10:47:20', 1, 'mual', '61.0', '99.9', '110', '70', 0, '28.0', 1, 0, 0, 2, 0, 2, 2, 0, 1, 1, 0, '30', '9.9', 0, 0, 0, 0, 0, 0, 0, '', 0, '', 0, 0, '', 0, 0, 0, 0, 0, '', 1, 0, 0, NULL),
(115, '6000000000000005', 9, 0, '2017-07-15', '12:00:00', '2018-01-13 05:26:41', '2018-01-13 11:26:41', 1, 'mual', '58.0', '99.9', '100', '70', 0, '27.0', 1, 0, 0, 2, 0, 2, 2, 0, 1, 1, 0, '30', '9.9', 0, 0, 0, 0, 0, 0, 0, '', 0, '', 0, 0, '', 0, 0, 0, 0, 0, '', 1, 0, 0, NULL),
(116, '6000000000000006', 9, 0, '2017-06-20', '10:00:00', '2018-01-13 05:28:39', '2018-01-13 11:28:39', 1, 'mual', '49.0', '99.9', '110', '70', 0, '25.0', 1, 0, 0, 2, 0, 2, 2, 0, 1, 1, 0, '30', '9.9', 0, 0, 0, 0, 0, 0, 0, '', 0, '', 0, 0, '', 0, 0, 0, 0, 0, '', 1, 0, 0, NULL),
(117, '6000000000000007', 9, 0, '2017-06-25', '11:00:00', '2018-01-13 05:30:19', '2018-01-13 11:30:19', 1, 'mual', '50.0', '99.9', '110', '70', 0, '24.0', 1, 0, 0, 2, 0, 2, 2, 0, 1, 1, 0, '30', '9.9', 0, 0, 0, 0, 0, 0, 0, '', 0, '', 0, 0, '', 0, 0, 0, 0, 0, '', 1, 0, 0, NULL),
(118, '6000000000000008', 9, 0, '2017-07-07', '07:00:00', '2018-01-13 05:32:28', '2018-01-13 11:32:28', 1, 'mual', '56.0', '99.9', '110', '70', 0, '25.0', 1, 0, 0, 2, 0, 2, 2, 0, 1, 1, 0, '30', '9.9', 0, 0, 0, 0, 0, 0, 0, '', 0, '', 0, 0, '', 0, 0, 0, 0, 0, '', 1, 0, 0, NULL),
(119, '6000000000000009', 9, 0, '2017-07-08', '11:00:00', '2018-01-13 05:34:16', '2018-01-13 11:34:16', 1, 'mual', '60.0', '99.9', '110', '70', 0, '27.0', 1, 0, 0, 2, 0, 2, 2, 0, 1, 1, 0, '30', '9.9', 0, 0, 0, 0, 0, 0, 0, '', 0, '', 0, 0, '', 0, 0, 0, 0, 0, '', 1, 0, 0, NULL),
(120, '6000000000000010', 9, 0, '2017-07-12', '11:01:00', '2018-01-13 05:36:03', '2018-01-13 11:36:03', 1, 'mual', '47.0', '99.9', '110', '70', 0, '11.0', 1, 0, 0, 2, 0, 2, 2, 0, 1, 1, 0, '30', '9.9', 0, 0, 0, 0, 0, 0, 0, '', 0, '', 0, 0, '', 0, 0, 0, 0, 0, '', 1, 0, 0, NULL),
(121, '6000000000000011', 9, 0, '2017-07-15', '15:00:00', '2018-01-13 05:38:00', '2018-01-13 11:38:01', 1, '', '53.0', '99.9', '110', '80', 0, '24.5', 1, 0, 0, 2, 0, 2, 2, 0, 1, 1, 0, '30', '9.9', 0, 0, 0, 0, 0, 0, 0, '', 0, '', 0, 0, '', 0, 0, 0, 0, 0, '', 1, 0, 0, NULL),
(122, '6000000000000012', 9, 0, '2017-07-17', '20:00:00', '2018-01-13 05:40:09', '2018-01-13 11:40:09', 1, '', '58.0', '99.9', '110', '80', 0, '24.5', 1, 0, 0, 2, 0, 2, 2, 0, 1, 1, 0, '30', '9.9', 0, 0, 0, 0, 0, 0, 0, '', 0, '', 0, 0, '', 0, 0, 0, 0, 0, '', 1, 0, 0, NULL),
(123, '6000000000000013', 9, 0, '2017-08-02', '12:00:00', '2018-01-13 05:41:56', '2018-01-13 11:41:56', 1, 'mual', '49.0', '99.9', '110', '70', 0, '24.0', 1, 0, 0, 2, 0, 2, 2, 0, 1, 1, 0, '30', '9.9', 0, 0, 0, 0, 0, 0, 0, '', 0, '', 0, 0, '', 0, 0, 0, 0, 0, '', 1, 0, 0, NULL),
(124, '6000000000000014', 9, 0, '2017-08-05', '09:00:00', '2018-01-13 05:43:52', '2018-01-13 11:43:52', 1, 'mual', '47.0', '99.9', '110', '70', 0, '22.5', 1, 0, 0, 2, 0, 2, 2, 0, 1, 1, 0, '30', '9.9', 0, 0, 0, 0, 0, 0, 0, '', 0, '', 0, 0, '', 0, 0, 0, 0, 0, '', 1, 0, 0, NULL),
(125, '6000000000000015', 9, 0, '2017-08-09', '12:00:00', '2018-01-13 06:07:09', '2018-01-13 12:07:09', 1, 'mual', '55.0', '99.9', '110', '70', 0, '24.5', 1, 0, 0, 2, 0, 2, 2, 0, 1, 1, 0, '30', '9.9', 0, 0, 0, 0, 0, 0, 0, '', 0, '', 0, 0, '', 0, 0, 0, 0, 0, '', 1, 0, 0, NULL),
(126, '6000000000000016', 9, 0, '2017-08-13', '13:00:00', '2018-01-13 06:09:03', '2018-01-13 12:09:03', 1, '', '60.0', '99.9', '110', '70', 0, '26.0', 1, 0, 0, 2, 0, 2, 2, 0, 1, 1, 0, '30', '9.9', 0, 0, 0, 0, 0, 0, 0, '', 0, '', 0, 0, '', 0, 0, 0, 0, 0, '', 1, 0, 0, NULL),
(127, '6000000000000017', 9, 0, '2017-08-17', '11:20:00', '2018-01-13 06:10:50', '2018-01-13 12:10:50', 1, '', '58.0', '99.9', '110', '70', 0, '25.0', 1, 0, 0, 2, 0, 2, 2, 0, 1, 1, 0, '30', '9.9', 0, 0, 0, 0, 0, 0, 0, '', 0, '', 0, 0, '', 0, 0, 0, 0, 0, '', 1, 0, 0, NULL),
(128, '6000000000000018', 9, 0, '2017-08-21', '10:00:00', '2018-01-13 06:12:28', '2018-01-13 12:12:28', 1, 'mual', '48.0', '99.9', '110', '70', 0, '23.0', 1, 0, 0, 2, 0, 2, 2, 0, 1, 1, 0, '30', '9.9', 0, 0, 0, 0, 0, 0, 0, '', 0, '', 0, 0, '', 0, 0, 0, 0, 0, '', 1, 0, 0, NULL),
(129, '6000000000000019', 9, 0, '2017-09-03', '08:00:00', '2018-01-13 06:13:54', '2018-01-13 12:13:54', 1, '', '52.0', '99.9', '110', '70', 0, '25.0', 1, 0, 0, 2, 0, 2, 2, 0, 1, 1, 0, '30', '9.9', 0, 0, 0, 0, 0, 0, 0, '', 0, '', 0, 0, '', 0, 0, 0, 0, 0, '', 1, 0, 0, NULL),
(130, '6000000000000020', 9, 0, '2017-09-05', '11:00:00', '2018-01-13 06:15:20', '2018-01-13 12:15:20', 1, 'mual', '56.0', '99.9', '110', '70', 0, '26.0', 1, 0, 0, 2, 0, 2, 2, 0, 1, 1, 0, '30', '9.9', 0, 0, 0, 0, 0, 0, 0, '', 0, '', 0, 0, '', 0, 0, 0, 0, 0, '', 1, 0, 0, NULL),
(131, '6000000000000021', 9, 0, '2017-09-09', '09:00:00', '2018-01-13 06:16:57', '2018-01-13 12:16:57', 1, '', '60.0', '99.9', '110', '70', 0, '27.5', 1, 0, 0, 2, 0, 2, 2, 0, 1, 1, 0, '30', '9.9', 0, 0, 0, 0, 0, 0, 0, '', 0, '', 0, 0, '', 0, 0, 0, 0, 0, '', 1, 0, 0, NULL),
(132, '6000000000000022', 9, 0, '2017-09-11', '10:00:00', '2018-01-13 06:18:13', '2018-01-13 12:18:13', 1, '', '63.0', '99.9', '110', '70', 0, '27.0', 1, 0, 0, 2, 0, 2, 2, 0, 1, 1, 0, '30', '9.9', 0, 0, 0, 0, 0, 0, 0, '', 0, '', 0, 0, '', 0, 0, 0, 0, 0, '', 1, 0, 0, NULL),
(133, '6000000000000023', 9, 0, '2017-09-15', '10:59:00', '2018-01-13 06:19:34', '2018-01-13 12:19:34', 1, '', '55.0', '99.9', '110', '70', 0, '25.0', 1, 0, 0, 2, 0, 2, 2, 0, 1, 1, 0, '30', '9.9', 0, 0, 0, 0, 0, 0, 0, '', 0, '', 0, 0, '', 0, 0, 0, 0, 0, '', 1, 0, 0, NULL),
(134, '2000000000000002', 6, 0, '2017-07-12', '07:40:00', '2018-01-13 06:37:05', '2018-01-13 12:37:05', 1, '', '50.0', '99.9', '110', '70', 0, '24.0', 0, 0, 0, 2, 0, 2, 2, 0, 1, 1, 0, '30', '9.9', 0, 0, 0, 0, 0, 0, 0, '', 0, '', 0, 0, '', 0, 0, 0, 0, 0, '', 1, 0, 0, NULL),
(135, '2000000000000004', 6, 0, '2017-07-15', '10:00:00', '2018-01-13 06:39:06', '2018-01-13 12:39:06', 1, '', '49.0', '99.9', '110', '70', 0, '26.0', 0, 0, 0, 2, 0, 2, 1, 0, 1, 1, 0, '30', '9.9', 0, 0, 0, 0, 0, 0, 0, '', 0, '', 0, 0, '', 0, 0, 0, 0, 0, '', 1, 0, 0, NULL),
(136, '2000000000000005', 6, 0, '2017-07-16', '11:00:00', '2018-01-13 06:40:39', '2018-01-13 12:40:39', 1, '', '50.0', '99.9', '120', '70', 0, '27.0', 0, 0, 0, 2, 0, 2, 2, 0, 1, 1, 0, '30', '9.9', 0, 0, 0, 0, 0, 0, 0, '', 0, '', 0, 0, '', 0, 0, 0, 0, 0, '', 1, 0, 0, NULL),
(137, '2000000000000007', 6, 0, '2017-08-02', '10:01:00', '2018-01-13 06:42:22', '2018-01-13 12:42:22', 1, '', '49.0', '99.9', '110', '70', 0, '27.0', 0, 0, 0, 2, 0, 2, 2, 0, 1, 1, 0, '30', '9.9', 0, 0, 0, 0, 0, 0, 0, '', 0, '', 0, 0, '', 0, 0, 0, 0, 0, '', 1, 0, 0, NULL),
(138, '2000000000000008', 6, 0, '2017-08-05', '12:00:00', '2018-01-13 06:47:20', '2018-01-13 12:47:21', 1, '', '50.0', '99.9', '120', '80', 0, '23.0', 0, 0, 0, 0, 0, 2, 2, 0, 1, 1, 0, '30', '9.9', 0, 0, 0, 0, 0, 0, 0, '', 0, '', 0, 0, '', 0, 0, 0, 0, 0, '', 1, 0, 0, NULL),
(139, '2000000000000009', 6, 0, '2017-08-07', '11:00:00', '2018-01-13 06:50:01', '2018-01-13 12:50:01', 1, '', '51.0', '99.9', '110', '70', 0, '29.0', 0, 0, 0, 2, 0, 2, 2, 0, 1, 1, 0, '30', '9.9', 0, 0, 0, 0, 0, 0, 0, '', 0, '', 0, 0, '', 0, 0, 0, 0, 0, '', 1, 0, 0, NULL);

-- --------------------------------------------------------

--
-- Struktur dari tabel `rujukan`
--

CREATE TABLE `rujukan` (
  `id_rujukan` int(6) NOT NULL,
  `id_kehamilan` int(5) NOT NULL,
  `tanggal_rujukan` date NOT NULL,
  `pendeteksi_resiko` tinyint(1) NOT NULL,
  `tempat_rujukan` varchar(24) COLLATE utf8_unicode_ci NOT NULL,
  `keadaan_tiba` text COLLATE utf8_unicode_ci NOT NULL,
  `keadaan_pulang` text COLLATE utf8_unicode_ci NOT NULL,
  `waktu_daftar` datetime NOT NULL,
  `daftar_by` int(2) NOT NULL,
  `flag_delete` tinyint(1) NOT NULL DEFAULT '0'
) ENGINE=MyISAM DEFAULT CHARSET=utf8 COLLATE=utf8_unicode_ci;

--
-- Dumping data untuk tabel `rujukan`
--

INSERT INTO `rujukan` (`id_rujukan`, `id_kehamilan`, `tanggal_rujukan`, `pendeteksi_resiko`, `tempat_rujukan`, `keadaan_tiba`, `keadaan_pulang`, `waktu_daftar`, `daftar_by`, `flag_delete`) VALUES
(1, 1, '2017-02-19', 0, 'klinik pak joni', 'pusing', 'sehat', '2017-02-21 10:51:34', 2, 0),
(2, 2, '2017-02-27', 0, 'dokter spog', 'kram', 'sehat', '2017-02-27 03:25:16', 6, 0);

-- --------------------------------------------------------

--
-- Struktur dari tabel `user`
--

CREATE TABLE `user` (
  `id_user` int(2) NOT NULL,
  `nip` varchar(25) DEFAULT NULL,
  `nama` varchar(20) NOT NULL,
  `username` varchar(16) NOT NULL,
  `password` varchar(100) NOT NULL,
  `no_telp` varchar(13) DEFAULT NULL,
  `id_level` int(1) NOT NULL,
  `id_desa` tinyint(2) DEFAULT NULL,
  `waktu_daftar` datetime NOT NULL DEFAULT CURRENT_TIMESTAMP,
  `waktu_ubah` datetime DEFAULT NULL,
  `user_status` tinyint(1) NOT NULL DEFAULT '0',
  `daftar_by` int(2) NOT NULL,
  `ubah_by` int(2) NOT NULL
) ENGINE=InnoDB DEFAULT CHARSET=latin1;

--
-- Dumping data untuk tabel `user`
--

INSERT INTO `user` (`id_user`, `nip`, `nama`, `username`, `password`, `no_telp`, `id_level`, `id_desa`, `waktu_daftar`, `waktu_ubah`, `user_status`, `daftar_by`, `ubah_by`) VALUES
(1, '199406092017001001', 'Johan D', 'Admin', '7daacea5f373b4c1c054158b126d317f', '08112899495', 1, NULL, '2016-12-26 17:23:18', '2016-12-26 17:24:14', 0, 0, 0),
(2, '198002022008003078', 'Sudarti', 'Purworejo', 'dc4e38c17aeea1cc12d671dd0a3117ef', '081000000001', 2, 5, '2016-12-26 17:23:18', '2016-12-26 17:24:14', 0, 0, 0),
(3, '196411161994032002', 'Tri Nuryani', 'Bikor', 'a42f2197a1becdd35e0c2e63f4dabe69', '085740681502', 3, NULL, '2016-12-26 17:23:18', '2016-12-26 17:24:14', 0, 0, 0),
(4, '197007032007011018', 'Rudy', 'rudy', 'cfce9735de7c3873a55331a4e74b70fc', '082135626367', 4, NULL, '2016-12-26 17:23:18', '2016-12-26 17:24:14', 0, 0, 0),
(5, '197201272005043001', 'Riski Adcha  S', 'Tlogoboyo', '5f1a6cb6e6d72e363a40fa22d1d7fac7', '081000000002', 2, 1, '2016-12-26 17:23:18', '2016-12-26 17:24:14', 0, 0, 0),
(6, '197409262007005002', 'Siti Uswatun K', 'Kembangan', '13b06b7587ab4f3cddcb6f3bc8068ac0', '081000000003', 2, 2, '2016-12-26 17:23:18', '2016-12-26 17:24:14', 0, 0, 0),
(7, '198104042010001011', 'Nur Huda', 'Tridonorejo', '5441801df791c5fa8f40f290f732b96b', '081000000004', 2, 3, '2016-12-26 17:23:18', '2016-12-26 17:24:14', 0, 0, 0),
(8, '197603302008001052', 'Karsanah', 'Morodemak', 'f0305c2cc33da6ec279e3a42f71c63ac', '081000000005', 2, 4, '2016-12-26 17:23:18', '2016-12-26 17:24:14', 0, 0, 0),
(9, '197807302006004027', 'Hesti Yuliani', 'Margolinduk', 'd848ea2ebbde8e8c3ce3b934e32a2a6d', '081000000006', 2, 6, '2016-12-26 17:23:18', '2016-12-26 17:24:14', 0, 0, 0),
(10, '196903102003002081', 'Saidatul Wafiyyah', 'Gebangarum', '54439518fccb3a3b32c90b36e5497f7d\r\n', '081000000007', 2, 7, '2016-12-26 17:23:18', '2016-12-26 17:24:14', 0, 0, 0),
(13, '197911282007001034', 'Indah Isnianingsih', 'Sumberejo', '0841eeb57826d55e260a7a8a22ab2c32', '081000000008', 2, 8, '2016-12-26 17:23:18', '2016-12-26 17:24:14', 0, 0, 0),
(14, '197112252004012070', 'Istirokhah', 'Karangrejo', 'b10ab6cda710339b262e632f5502d93c', '081000000009', 2, 9, '2016-12-26 17:23:18', '2016-12-26 17:24:14', 0, 0, 0),
(15, '198105312011003002', 'Upik Prastini', 'Gebang', '20170bb07c5ed2ee2fe24868e18ceebb', '081000000010', 2, 10, '2016-12-26 17:23:18', '2016-12-26 17:24:14', 0, 0, 0),
(16, '198108302012004001', 'Ina Kristiana', 'Sukodono', '31dcb86afdc4b1538814186ba0f90eab', '081000000011', 2, 11, '2016-12-26 17:23:18', '2016-12-26 17:24:14', 0, 0, 0),
(17, '199400100101456082', 'admin v 2', 'admin2', '9f6f3a12cff238b8cda456ca9b4b74d3', '08112811366', 1, NULL, '2016-12-27 01:05:22', '2016-12-27 01:05:22', 0, 0, 0),
(18, '199609209348578219', 'Testing Bidan', 'testing', '25d55ad283aa400af464c76d713c07ad', '081225130814', 2, 99, '2017-01-01 09:52:53', NULL, 0, 0, 0),
(19, '198002022008003079', 'adeku', 'ade', '22d7fe8c185003c98f97e5d6ced420c7', '081293817236', 2, 99, '2017-12-04 19:15:30', NULL, 1, 0, 0),
(20, '540009289132434234', 'cobalagi', 'cobacoba', '1a36591bceec49c832079e270d7e8b73', '089247364723', 1, NULL, '2017-12-07 22:40:02', NULL, 0, 0, 0);

--
-- Indexes for dumped tables
--

--
-- Indexes for table `abortus`
--
ALTER TABLE `abortus`
  ADD PRIMARY KEY (`id_abortus`);

--
-- Indexes for table `desa`
--
ALTER TABLE `desa`
  ADD PRIMARY KEY (`id_desa`),
  ADD KEY `id_desa` (`id_desa`);

--
-- Indexes for table `ibu`
--
ALTER TABLE `ibu`
  ADD PRIMARY KEY (`nik`),
  ADD KEY `id_desa` (`id_desa`);

--
-- Indexes for table `kehamilan`
--
ALTER TABLE `kehamilan`
  ADD PRIMARY KEY (`id_kehamilan`),
  ADD KEY `id_user` (`daftar_by`),
  ADD KEY `id_ibu` (`id_ibu`);

--
-- Indexes for table `kelahiran`
--
ALTER TABLE `kelahiran`
  ADD PRIMARY KEY (`id_kelahiran`);

--
-- Indexes for table `kematian`
--
ALTER TABLE `kematian`
  ADD PRIMARY KEY (`id_kematian`);

--
-- Indexes for table `level`
--
ALTER TABLE `level`
  ADD PRIMARY KEY (`id_level`);

--
-- Indexes for table `pemeriksaan`
--
ALTER TABLE `pemeriksaan`
  ADD PRIMARY KEY (`id_pemeriksaan`),
  ADD KEY `id_pemeriksaan` (`id_pemeriksaan`),
  ADD KEY `id_pemeriksaan_2` (`id_pemeriksaan`),
  ADD KEY `id_ibu` (`id_ibu`),
  ADD KEY `id_user` (`daftar_by`);

--
-- Indexes for table `rujukan`
--
ALTER TABLE `rujukan`
  ADD PRIMARY KEY (`id_rujukan`);

--
-- Indexes for table `user`
--
ALTER TABLE `user`
  ADD PRIMARY KEY (`id_user`),
  ADD UNIQUE KEY `nip` (`nip`),
  ADD KEY `id_level` (`id_level`),
  ADD KEY `id_user` (`id_user`),
  ADD KEY `id_desa` (`id_desa`);

--
-- AUTO_INCREMENT for dumped tables
--

--
-- AUTO_INCREMENT for table `abortus`
--
ALTER TABLE `abortus`
  MODIFY `id_abortus` int(5) NOT NULL AUTO_INCREMENT, AUTO_INCREMENT=2;
--
-- AUTO_INCREMENT for table `desa`
--
ALTER TABLE `desa`
  MODIFY `id_desa` tinyint(2) NOT NULL AUTO_INCREMENT, AUTO_INCREMENT=100;
--
-- AUTO_INCREMENT for table `kehamilan`
--
ALTER TABLE `kehamilan`
  MODIFY `id_kehamilan` int(5) NOT NULL AUTO_INCREMENT, AUTO_INCREMENT=133;
--
-- AUTO_INCREMENT for table `kelahiran`
--
ALTER TABLE `kelahiran`
  MODIFY `id_kelahiran` int(5) NOT NULL AUTO_INCREMENT, AUTO_INCREMENT=2;
--
-- AUTO_INCREMENT for table `kematian`
--
ALTER TABLE `kematian`
  MODIFY `id_kematian` int(5) NOT NULL AUTO_INCREMENT, AUTO_INCREMENT=9;
--
-- AUTO_INCREMENT for table `level`
--
ALTER TABLE `level`
  MODIFY `id_level` int(1) NOT NULL AUTO_INCREMENT, AUTO_INCREMENT=6;
--
-- AUTO_INCREMENT for table `pemeriksaan`
--
ALTER TABLE `pemeriksaan`
  MODIFY `id_pemeriksaan` int(6) NOT NULL AUTO_INCREMENT, AUTO_INCREMENT=140;
--
-- AUTO_INCREMENT for table `rujukan`
--
ALTER TABLE `rujukan`
  MODIFY `id_rujukan` int(6) NOT NULL AUTO_INCREMENT, AUTO_INCREMENT=3;
--
-- AUTO_INCREMENT for table `user`
--
ALTER TABLE `user`
  MODIFY `id_user` int(2) NOT NULL AUTO_INCREMENT, AUTO_INCREMENT=21;
--
-- Ketidakleluasaan untuk tabel pelimpahan (Dumped Tables)
--

--
-- Ketidakleluasaan untuk tabel `ibu`
--
ALTER TABLE `ibu`
  ADD CONSTRAINT `ibu_ibfk_1` FOREIGN KEY (`id_desa`) REFERENCES `desa` (`id_desa`) ON DELETE CASCADE;

--
-- Ketidakleluasaan untuk tabel `kehamilan`
--
ALTER TABLE `kehamilan`
  ADD CONSTRAINT `kehamilan_ibfk_3` FOREIGN KEY (`daftar_by`) REFERENCES `user` (`id_user`) ON DELETE CASCADE,
  ADD CONSTRAINT `kehamilan_ibfk_4` FOREIGN KEY (`id_ibu`) REFERENCES `ibu` (`nik`) ON DELETE CASCADE;

--
-- Ketidakleluasaan untuk tabel `pemeriksaan`
--
ALTER TABLE `pemeriksaan`
  ADD CONSTRAINT `pemeriksaan_ibfk_2` FOREIGN KEY (`daftar_by`) REFERENCES `user` (`id_user`) ON DELETE CASCADE,
  ADD CONSTRAINT `pemeriksaan_ibfk_3` FOREIGN KEY (`id_ibu`) REFERENCES `ibu` (`nik`) ON DELETE CASCADE;

--
-- Ketidakleluasaan untuk tabel `user`
--
ALTER TABLE `user`
  ADD CONSTRAINT `user_ibfk_1` FOREIGN KEY (`id_level`) REFERENCES `level` (`id_level`) ON DELETE CASCADE,
  ADD CONSTRAINT `user_ibfk_2` FOREIGN KEY (`id_desa`) REFERENCES `desa` (`id_desa`) ON DELETE CASCADE;

/*!40101 SET CHARACTER_SET_CLIENT=@OLD_CHARACTER_SET_CLIENT */;
/*!40101 SET CHARACTER_SET_RESULTS=@OLD_CHARACTER_SET_RESULTS */;
/*!40101 SET COLLATION_CONNECTION=@OLD_COLLATION_CONNECTION */;
